session_id,timestamp,unix_time,measurement_id,event_type,rssi,rtt,latency,quality,quality_score,disconnect_duration
20260107_170858,2026-01-07T17:08:59.338,1767794939.338946,,CONNECTED,,,,,,
20260107_170858,2026-01-07T17:08:59.342,1767794939.342836,1,DATA,-23,-13,-7,Mukemmel,4,
20260107_170858,2026-01-07T17:09:02.823,1767794942.824003,2,DATA,-24,-12,-6,Mukemmel,4,
20260107_170858,2026-01-07T17:09:06.300,1767794946.300931,3,DATA,-26,-10,-5,Mukemmel,4,
20260107_170858,2026-01-07T17:09:09.783,1767794949.7840059,4,DATA,-25,-12,-6,Mukemmel,4,
20260107_170858,2026-01-07T17:09:13.368,1767794953.36808,5,DATA,-24,-10,-5,Mukemmel,4,
20260107_170858,2026-01-07T17:09:16.849,1767794956.849665,6,DATA,-24,-10,-5,Mukemmel,4,
20260107_170858,2026-01-07T17:09:20.328,1767794960.328831,7,DATA,-26,-10,-5,Mukemmel,4,
20260107_170858,2026-01-07T17:09:23.298,1767794963.298529,8,DATA,-25,-10,-5,Mukemmel,4,
20260107_170858,2026-01-07T17:09:26.883,1767794966.883317,9,DATA,-24,-12,-6,Mukemmel,4,
20260107_170858,2026-01-07T17:09:30.366,1767794970.366154,10,DATA,-26,-10,-5,Mukemmel,4,
20260107_170858,2026-01-07T17:09:33.846,1767794973.846205,11,DATA,-25,-10,-5,Mukemmel,4,
20260107_170858,2026-01-07T17:09:37.327,1767794977.327283,12,DATA,-27,-12,-6,Mukemmel,4,
20260107_170858,2026-01-07T17:09:40.911,1767794980.9119868,13,DATA,-26,-10,-5,Mukemmel,4,
20260107_170858,2026-01-07T17:09:44.393,1767794984.393758,14,DATA,-27,-11,-6,Mukemmel,4,
20260107_170858,2026-01-07T17:09:47.363,1767794987.363783,15,DATA,-28,-10,-5,Mukemmel,4,
20260107_170858,2026-01-07T17:09:50.850,1767794990.850046,16,DATA,-27,-10,-5,Mukemmel,4,
20260107_170858,2026-01-07T17:09:54.430,1767794994.43043,17,DATA,-27,-10,-5,Mukemmel,4,
20260107_170858,2026-01-07T17:09:57.913,1767794997.913832,18,DATA,-27,-13,-7,Mukemmel,4,
20260107_170858,2026-01-07T17:10:01.394,1767795001.394264,19,DATA,-27,-10,-5,Mukemmel,4,
20260107_170858,2026-01-07T17:10:04.878,1767795004.8786612,20,DATA,-27,-9,-5,Mukemmel,4,
20260107_170858,2026-01-07T17:10:08.355,1767795008.3559868,21,DATA,-26,-10,-5,Mukemmel,4,
20260107_170858,2026-01-07T17:10:11.429,1767795011.42927,22,DATA,-28,-11,-6,Mukemmel,4,
20260107_170858,2026-01-07T17:10:14.909,1767795014.9095051,23,DATA,-25,-11,-6,Mukemmel,4,
20260107_170858,2026-01-07T17:10:18.393,1767795018.393354,24,DATA,-26,-10,-5,Mukemmel,4,
20260107_170858,2026-01-07T17:10:21.871,1767795021.8719208,25,DATA,-25,-10,-5,Mukemmel,4,
20260107_170858,2026-01-07T17:10:25.456,1767795025.456649,26,DATA,-26,-12,-6,Mukemmel,4,
20260107_170858,2026-01-07T17:10:28.937,1767795028.937171,27,DATA,-25,-15,-8,Mukemmel,4,
20260107_170858,2026-01-07T17:10:32.419,1767795032.419341,28,DATA,-25,-10,-5,Mukemmel,4,
20260107_170858,2026-01-07T17:10:35.876,1767795035.876127,29,DATA,-26,-11,-6,Mukemmel,4,
20260107_170858,2026-01-07T17:10:38.972,1767795038.972733,30,DATA,-26,-14,-7,Mukemmel,4,
20260107_170858,2026-01-07T17:10:42.455,1767795042.455435,31,DATA,-24,-12,-6,Mukemmel,4,
20260107_170858,2026-01-07T17:10:45.938,1767795045.938144,32,DATA,-24,-10,-5,Mukemmel,4,
20260107_170858,2026-01-07T17:10:49.419,1767795049.4197838,33,DATA,-24,-13,-7,Mukemmel,4,
20260107_170858,2026-01-07T17:10:52.900,1767795052.900394,34,DATA,-26,-10,-5,Mukemmel,4,
20260107_170858,2026-01-07T17:10:56.484,1767795056.484323,35,DATA,-26,-13,-7,Mukemmel,4,
20260107_170858,2026-01-07T17:10:59.967,1767795059.9671428,36,DATA,-28,-12,-6,Mukemmel,4,
20260107_170858,2026-01-07T17:11:02.934,1767795062.934031,37,DATA,-28,-10,-5,Mukemmel,4,
20260107_170858,2026-01-07T17:11:06.415,1767795066.4156659,38,DATA,-27,-11,-6,Mukemmel,4,
20260107_170858,2026-01-07T17:11:10.000,1767795070.000275,39,DATA,-27,-10,-5,Mukemmel,4,
20260107_170858,2026-01-07T17:11:13.482,1767795073.482839,40,DATA,-26,-13,-7,Mukemmel,4,
20260107_170858,2026-01-07T17:11:16.965,1767795076.9655309,41,DATA,-27,-10,-5,Mukemmel,4,
20260107_170858,2026-01-07T17:11:20.447,1767795080.447306,42,DATA,-27,-11,-6,Mukemmel,4,
20260107_170858,2026-01-07T17:11:24.031,1767795084.031112,43,DATA,-24,-11,-6,Mukemmel,4,
20260107_170858,2026-01-07T17:11:27.000,1767795087.000313,44,DATA,-24,-11,-6,Mukemmel,4,
20260107_170858,2026-01-07T17:11:30.481,1767795090.48151,45,DATA,-27,-10,-5,Mukemmel,4,
20260107_170858,2026-01-07T17:11:33.964,1767795093.964176,46,DATA,-25,-10,-5,Mukemmel,4,
20260107_170858,2026-01-07T17:11:37.546,1767795097.546056,47,DATA,-26,-11,-6,Mukemmel,4,
20260107_170858,2026-01-07T17:11:41.029,1767795101.029495,48,DATA,-26,-10,-5,Mukemmel,4,
20260107_170858,2026-01-07T17:11:44.509,1767795104.5094452,49,DATA,-26,-10,-5,Mukemmel,4,
20260107_170858,2026-01-07T17:11:47.990,1767795107.9906602,50,DATA,-26,-10,-5,Mukemmel,4,
20260107_170858,2026-01-07T17:11:51.062,1767795111.0629,51,DATA,-26,-10,-5,Mukemmel,4,
20260107_170858,2026-01-07T17:11:54.544,1767795114.544398,52,DATA,-25,-10,-5,Mukemmel,4,
20260107_170858,2026-01-07T17:11:58.028,1767795118.028045,53,DATA,-26,-10,-5,Mukemmel,4,
20260107_170858,2026-01-07T17:12:01.507,1767795121.5076742,54,DATA,-26,-11,-6,Mukemmel,4,
20260107_170858,2026-01-07T17:12:04.990,1767795124.990365,55,DATA,-25,-11,-6,Mukemmel,4,
20260107_170858,2026-01-07T17:12:08.576,1767795128.5765,56,DATA,-26,-10,-5,Mukemmel,4,
20260107_170858,2026-01-07T17:12:12.055,1767795132.055816,57,DATA,-25,-11,-6,Mukemmel,4,
20260107_170858,2026-01-07T17:12:15.539,1767795135.539907,58,DATA,-27,-9,-5,Mukemmel,4,
20260107_170858,2026-01-07T17:12:18.506,1767795138.506332,59,DATA,-26,-10,-5,Mukemmel,4,
20260107_170858,2026-01-07T17:12:22.089,1767795142.089547,60,DATA,-26,-11,-6,Mukemmel,4,
20260107_170858,2026-01-07T17:12:25.574,1767795145.5745971,61,DATA,-26,-10,-5,Mukemmel,4,
20260107_170858,2026-01-07T17:12:30.187,1767795150.1876202,,DISCONNECTED,,,,,,
20260107_170858,2026-01-07T17:12:32.537,1767795152.537222,,CONNECTED,,,,,,2.349583864212036
20260107_170858,2026-01-07T17:12:32.539,1767795152.539917,62,PACKET_LOST,,,,,,
20260107_170858,2026-01-07T17:12:32.539,1767795152.53998,63,DATA,-26,-14,-7,Mukemmel,4,
20260107_170858,2026-01-07T17:12:36.019,1767795156.0198421,64,DATA,-27,-11,-6,Mukemmel,4,
20260107_170858,2026-01-07T17:12:39.600,1767795159.60048,65,DATA,-27,-9,-5,Mukemmel,4,
20260107_170858,2026-01-07T17:12:42.572,1767795162.572021,66,DATA,-26,-12,-6,Mukemmel,4,
20260107_173012,2026-01-07T17:30:12.564,1767796212.564974,,CONNECTED,,,,,,
20260107_173012,2026-01-07T17:30:12.572,1767796212.572635,14,DATA,-29,-11,-6,Mukemmel,4,
20260107_173012,2026-01-07T17:30:15.645,1767796215.64577,15,DATA,-31,-10,-5,Mukemmel,4,
20260107_173012,2026-01-07T17:30:19.127,1767796219.1278641,16,DATA,-31,-10,-5,Mukemmel,4,
20260107_173012,2026-01-07T17:30:22.608,1767796222.608969,17,DATA,-29,-12,-6,Mukemmel,4,
20260107_173012,2026-01-07T17:30:25.681,1767796225.6813061,18,DATA,-29,-11,-6,Mukemmel,4,
20260107_173012,2026-01-07T17:30:29.164,1767796229.164557,19,DATA,-30,-11,-6,Mukemmel,4,
20260107_173012,2026-01-07T17:30:32.643,1767796232.643501,20,DATA,-30,-11,-6,Mukemmel,4,
20260107_173012,2026-01-07T17:30:36.127,1767796236.127723,21,DATA,-30,-15,-8,Mukemmel,4,
20260107_173549,2026-01-07T17:35:49.631,1767796549.631846,,CONNECTED,,,,,,
20260107_173549,2026-01-07T17:35:49.639,1767796549.639905,112,DATA,-30,-10,-5,Mukemmel,4,
20260107_173549,2026-01-07T17:35:52.235,1767796552.235826,113,DATA,-29,-10,-5,Mukemmel,4,
20260107_173549,2026-01-07T17:35:55.717,1767796555.717226,114,DATA,-28,-10,-5,Mukemmel,4,
20260107_173549,2026-01-07T17:35:58.686,1767796558.686154,115,DATA,-27,-11,-6,Mukemmel,4,
20260107_173549,2026-01-07T17:36:02.171,1767796562.171768,116,DATA,-29,-10,-5,Mukemmel,4,
20260107_173549,2026-01-07T17:36:05.751,1767796565.752002,117,DATA,-29,-10,-5,Mukemmel,4,
20260107_173549,2026-01-07T17:36:09.234,1767796569.234272,118,DATA,-29,-10,-5,Mukemmel,4,
20260107_173549,2026-01-07T17:36:12.719,1767796572.719622,119,DATA,-29,-10,-5,Mukemmel,4,
20260107_173549,2026-01-07T17:36:16.197,1767796576.197896,120,DATA,-29,-10,-5,Mukemmel,4,
20260107_173549,2026-01-07T17:36:19.678,1767796579.678813,121,DATA,-30,-10,-5,Mukemmel,4,
20260107_173549,2026-01-07T17:36:22.751,1767796582.7511559,122,DATA,-39,-10,-5,Mukemmel,4,
20260107_173549,2026-01-07T17:36:26.232,1767796586.232605,123,DATA,-39,-10,-5,Mukemmel,4,
20260107_173549,2026-01-07T17:36:29.715,1767796589.7155268,124,DATA,-58,-23,-12,Iyi,3,
20260107_173549,2026-01-07T17:36:33.195,1767796593.195982,125,DATA,-59,-14,-7,Iyi,3,
20260107_173549,2026-01-07T17:36:36.781,1767796596.7818618,126,DATA,-43,-15,-8,Mukemmel,4,
20260107_173549,2026-01-07T17:36:40.261,1767796600.261747,127,DATA,-41,-10,-5,Mukemmel,4,
20260107_173549,2026-01-07T17:36:43.742,1767796603.742923,128,DATA,-47,-9,-5,Mukemmel,4,
20260107_173549,2026-01-07T17:36:47.224,1767796607.224753,129,DATA,-41,-11,-6,Mukemmel,4,
20260107_173549,2026-01-07T17:36:50.299,1767796610.299314,130,DATA,-46,-18,-9,Mukemmel,4,
20260107_173549,2026-01-07T17:36:53.777,1767796613.777822,131,DATA,-51,-12,-6,Iyi,3,
20260107_173549,2026-01-07T17:36:57.269,1767796617.269652,132,DATA,-49,-11,-6,Mukemmel,4,
20260107_173549,2026-01-07T17:37:00.742,1767796620.742924,133,DATA,-46,-65,-33,Mukemmel,4,
20260107_173549,2026-01-07T17:37:04.325,1767796624.3257332,134,DATA,-54,-11,-6,Iyi,3,
20260107_173549,2026-01-07T17:37:07.807,1767796627.8078022,135,DATA,-56,-11,-6,Iyi,3,
20260107_173549,2026-01-07T17:37:11.288,1767796631.2884622,136,DATA,-56,-16,-8,Iyi,3,
20260107_173549,2026-01-07T17:37:14.770,1767796634.770161,137,DATA,-56,-12,-6,Iyi,3,
20260107_173549,2026-01-07T17:37:18.252,1767796638.252727,138,DATA,-61,-12,-6,Orta,2,
20260107_173549,2026-01-07T17:37:21.324,1767796641.3246238,139,DATA,-63,-10,-5,Orta,2,
20260107_173549,2026-01-07T17:37:24.805,1767796644.8057878,140,DATA,-74,-30,-15,Zayif,1,
20260107_173549,2026-01-07T17:37:28.286,1767796648.28691,141,DATA,-59,-15,-8,Iyi,3,
20260107_173549,2026-01-07T17:37:31.769,1767796651.7691321,142,DATA,-62,-11,-6,Orta,2,
20260107_173549,2026-01-07T17:37:35.353,1767796655.35324,143,DATA,-74,-12,-6,Zayif,1,
20260107_173549,2026-01-07T17:37:38.835,1767796658.835211,144,DATA,-56,-17,-9,Iyi,3,
20260107_173549,2026-01-07T17:37:42.317,1767796662.3179321,145,DATA,-57,-10,-5,Iyi,3,
20260107_173549,2026-01-07T17:37:45.797,1767796665.7980008,146,DATA,-67,-66,-33,Orta,2,
20260107_173549,2026-01-07T17:37:49.381,1767796669.3815901,147,DATA,-71,-10,-5,Zayif,1,
20260107_173549,2026-01-07T17:37:53.780,1767796673.780458,,DISCONNECTED,,,,,,
20260107_173549,2026-01-07T17:37:55.321,1767796675.321525,,CONNECTED,,,,,,1.5410370826721191
20260107_173549,2026-01-07T17:37:55.324,1767796675.32444,148,DATA,-66,-2954,-1477,Orta,2,
20260107_173549,2026-01-07T17:37:58.803,1767796678.8036292,149,DATA,-72,-36,-18,Zayif,1,
20260107_173549,2026-01-07T17:38:02.386,1767796682.3864162,150,DATA,-77,-62,-31,Zayif,1,
20260107_173549,2026-01-07T17:38:05.872,1767796685.8722088,151,DATA,-72,-38,-19,Zayif,1,
20260107_173549,2026-01-07T17:38:09.350,1767796689.3502998,152,DATA,-67,-9,-5,Orta,2,
20260107_173549,2026-01-07T17:38:12.831,1767796692.831454,153,DATA,-69,-11,-6,Orta,2,
20260107_173549,2026-01-07T17:38:17.888,1767796697.888428,,DISCONNECTED,,,,,,
20260107_173549,2026-01-07T17:38:18.304,1767796698.304642,,CONNECTED,,,,,,0.4162142276763916
20260107_173549,2026-01-07T17:38:18.310,1767796698.310369,154,DATA,-77,-2142,-1071,Zayif,1,
20260107_173549,2026-01-07T17:38:22.866,1767796702.866646,,DISCONNECTED,,,,,,
20260107_173549,2026-01-07T17:38:24.404,1767796704.4040582,,CONNECTED,,,,,,1.5374400615692139
20260107_173549,2026-01-07T17:38:24.407,1767796704.4070668,155,DATA,-74,-2582,-1291,Zayif,1,
20260107_173549,2026-01-07T17:38:27.884,1767796707.884945,156,DATA,-73,-10,-5,Zayif,1,
20260107_173549,2026-01-07T17:38:31.366,1767796711.366262,157,DATA,-66,-19,-10,Orta,2,
20260107_173549,2026-01-07T17:38:34.848,1767796714.848011,158,DATA,-64,-14,-7,Orta,2,
20260107_173549,2026-01-07T17:38:38.431,1767796718.4312801,159,DATA,-70,-11,-6,Orta,2,
20260107_173549,2026-01-07T17:38:41.914,1767796721.914461,160,DATA,-68,-10,-5,Orta,2,
20260107_173549,2026-01-07T17:38:44.883,1767796724.8833432,161,DATA,-75,-14,-7,Zayif,1,
20260107_173549,2026-01-07T17:38:48.365,1767796728.365381,162,DATA,-67,-10,-5,Orta,2,
20260107_173549,2026-01-07T17:38:51.950,1767796731.95037,163,DATA,-66,-15,-8,Orta,2,
20260107_173549,2026-01-07T17:38:55.430,1767796735.4307148,164,DATA,-75,-14,-7,Zayif,1,
20260107_173549,2026-01-07T17:38:58.911,1767796738.9118779,165,DATA,-84,-15,-8,Cok Zayif,0,
20260107_173549,2026-01-07T17:39:02.393,1767796742.393579,166,DATA,-77,-10,-5,Zayif,1,
20260107_173549,2026-01-07T17:39:05.874,1767796745.8749819,167,DATA,-74,-11,-6,Zayif,1,
20260107_173549,2026-01-07T17:39:09.460,1767796749.460075,168,DATA,-84,-10,-5,Cok Zayif,0,
20260107_173549,2026-01-07T17:39:12.944,1767796752.944803,169,DATA,-85,-21,-11,Cok Zayif,0,
20260107_173549,2026-01-07T17:39:16.422,1767796756.422582,170,DATA,-86,-19,-10,Cok Zayif,0,
20260107_173549,2026-01-07T17:39:20.927,1767796760.927263,,DISCONNECTED,,,,,,
20260107_173549,2026-01-07T17:39:22.463,1767796762.463978,,CONNECTED,,,,,,1.5367066860198975
20260107_173549,2026-01-07T17:39:22.466,1767796762.46676,171,DATA,-81,-2808,-1404,Cok Zayif,0,
20260107_173549,2026-01-07T17:39:25.945,1767796765.945408,172,DATA,-80,-10,-5,Zayif,1,
20260107_173549,2026-01-07T17:39:29.430,1767796769.4300318,173,DATA,-75,-86,-43,Zayif,1,
20260107_173549,2026-01-07T17:39:33.935,1767796773.935509,,DISCONNECTED,,,,,,
20260107_173549,2026-01-07T17:39:35.469,1767796775.469424,,CONNECTED,,,,,,1.533905029296875
20260107_173549,2026-01-07T17:39:35.472,1767796775.472532,174,DATA,-89,-2574,-1287,Cok Zayif,0,
20260107_173549,2026-01-07T17:39:38.950,1767796778.950164,175,DATA,-80,-15,-8,Zayif,1,
20260107_173549,2026-01-07T17:39:42.431,1767796782.432001,176,DATA,-68,-12,-6,Orta,2,
20260107_173549,2026-01-07T17:39:45.914,1767796785.914468,177,DATA,-70,-11,-6,Orta,2,
20260107_173549,2026-01-07T17:39:48.985,1767796788.985656,178,DATA,-72,-12,-6,Zayif,1,
20260107_173549,2026-01-07T17:39:52.471,1767796792.471288,179,DATA,-67,-10,-5,Orta,2,
20260107_173549,2026-01-07T17:39:55.949,1767796795.94969,180,DATA,-45,-12,-6,Mukemmel,4,
20260107_173549,2026-01-07T17:39:59.431,1767796799.431254,181,DATA,-48,-10,-5,Mukemmel,4,
20260107_173549,2026-01-07T17:40:03.014,1767796803.014364,182,DATA,-39,-10,-5,Mukemmel,4,
20260107_173549,2026-01-07T17:40:06.496,1767796806.496418,183,DATA,-40,-13,-7,Mukemmel,4,
20260107_173549,2026-01-07T17:40:09.978,1767796809.978694,184,DATA,-32,-9,-5,Mukemmel,4,
20260107_173549,2026-01-07T17:40:13.459,1767796813.4594738,185,DATA,-41,-10,-5,Mukemmel,4,
20260107_173549,2026-01-07T17:40:16.531,1767796816.531897,186,DATA,-39,-10,-5,Mukemmel,4,
20260107_173549,2026-01-07T17:40:20.015,1767796820.015699,187,DATA,-40,-10,-5,Mukemmel,4,
20260107_173549,2026-01-07T17:40:23.495,1767796823.495177,188,DATA,-39,-11,-6,Mukemmel,4,
20260107_173549,2026-01-07T17:40:26.978,1767796826.978488,189,DATA,-40,-10,-5,Mukemmel,4,
20260107_173549,2026-01-07T17:40:30.560,1767796830.5602071,190,DATA,-41,-10,-5,Mukemmel,4,
20260107_173549,2026-01-07T17:40:34.042,1767796834.042391,191,DATA,-30,-11,-6,Mukemmel,4,
20260107_173549,2026-01-07T17:40:37.524,1767796837.524639,192,DATA,-35,-11,-6,Mukemmel,4,
20260107_173549,2026-01-07T17:40:40.495,1767796840.495168,193,DATA,-51,-10,-5,Iyi,3,
20260107_173549,2026-01-07T17:40:44.076,1767796844.07695,194,DATA,-39,-14,-7,Mukemmel,4,
20260107_173549,2026-01-07T17:40:47.559,1767796847.5590148,195,DATA,-52,-15,-8,Iyi,3,
20260107_173549,2026-01-07T17:40:51.040,1767796851.040878,196,DATA,-58,-15,-8,Iyi,3,
20260107_173549,2026-01-07T17:40:54.522,1767796854.52277,197,DATA,-53,-26,-13,Iyi,3,
20260107_173549,2026-01-07T17:40:58.004,1767796858.004695,198,DATA,-49,-11,-6,Mukemmel,4,
20260107_173549,2026-01-07T17:41:01.591,1767796861.591755,199,DATA,-62,-10,-5,Orta,2,
20260107_173549,2026-01-07T17:41:05.071,1767796865.0714939,200,DATA,-63,-22,-11,Orta,2,
20260107_173549,2026-01-07T17:41:08.039,1767796868.039594,201,DATA,-52,-12,-6,Iyi,3,
20260107_173549,2026-01-07T17:41:12.544,1767796872.544522,,DISCONNECTED,,,,,,
20260107_173549,2026-01-07T17:41:14.596,1767796874.596811,,CONNECTED,,,,,,2.0522940158843994
20260107_173549,2026-01-07T17:41:14.599,1767796874.5997179,202,DATA,-66,-2637,-1319,Orta,2,
20260107_173549,2026-01-07T17:41:17.562,1767796877.562297,203,DATA,-55,-10,-5,Iyi,3,
20260107_173549,2026-01-07T17:41:21.044,1767796881.044607,204,DATA,-51,-11,-6,Iyi,3,
20260107_173549,2026-01-07T17:41:24.629,1767796884.629638,205,DATA,-51,-19,-10,Iyi,3,
20260107_173549,2026-01-07T17:41:28.109,1767796888.1099432,206,DATA,-68,-17,-9,Orta,2,
20260107_173549,2026-01-07T17:41:31.592,1767796891.592044,207,DATA,-67,-25,-13,Orta,2,
20260107_173549,2026-01-07T17:41:35.073,1767796895.073071,208,DATA,-55,-13,-7,Iyi,3,
20260107_173549,2026-01-07T17:41:38.557,1767796898.557248,209,DATA,-58,-61,-31,Iyi,3,
20260107_173549,2026-01-07T17:41:42.138,1767796902.138199,210,DATA,-80,-13,-7,Zayif,1,
20260107_173549,2026-01-07T17:41:45.619,1767796905.61991,211,DATA,-82,-23,-12,Cok Zayif,0,
20260107_173549,2026-01-07T17:41:49.615,1767796909.615662,,DISCONNECTED,,,,,,
20260107_173549,2026-01-07T17:41:51.663,1767796911.6633668,,CONNECTED,,,,,,2.0476789474487305
20260107_173549,2026-01-07T17:41:51.665,1767796911.6658392,212,DATA,-80,-3018,-1509,Zayif,1,
20260107_173549,2026-01-07T17:41:55.143,1767796915.143219,213,DATA,-82,-20,-10,Cok Zayif,0,
20260107_173549,2026-01-07T17:41:58.624,1767796918.624803,214,DATA,-82,-16,-8,Cok Zayif,0,
20260107_173549,2026-01-07T17:42:02.069,1767796922.0695171,215,DATA,-84,-49,-25,Cok Zayif,0,
20260107_173549,2026-01-07T17:42:06.612,1767796926.612637,,DISCONNECTED,,,,,,
20260107_173549,2026-01-07T17:42:17.674,1767796937.674977,,CONNECTED,,,,,,11.062289953231812
20260107_173549,2026-01-07T17:42:17.678,1767796937.6784608,216,DATA,-84,-20,-10,Cok Zayif,0,
20260107_173549,2026-01-07T17:42:22.588,1767796942.588972,,DISCONNECTED,,,,,,
20260107_173549,2026-01-07T17:42:29.652,1767796949.652936,,CONNECTED,,,,,,7.063971757888794
20260107_173549,2026-01-07T17:42:29.656,1767796949.656085,217,DATA,-84,-8320,-4160,Cok Zayif,0,
20260107_173549,2026-01-07T17:42:33.134,1767796953.134741,218,DATA,-87,-83,-42,Cok Zayif,0,
20260107_173549,2026-01-07T17:42:36.616,1767796956.616271,219,DATA,-87,-51,-26,Cok Zayif,0,
20260107_173549,2026-01-07T17:42:40.098,1767796960.098239,220,DATA,-86,-74,-37,Cok Zayif,0,
20260107_173549,2026-01-07T17:42:44.604,1767796964.6042519,,DISCONNECTED,,,,,,
20260107_173549,2026-01-07T17:42:46.123,1767796966.123382,,CONNECTED,,,,,,1.519110918045044
20260107_173549,2026-01-07T17:42:46.127,1767796966.1275399,221,DATA,-89,-2656,-1328,Cok Zayif,0,
20260107_173549,2026-01-07T17:42:50.644,1767796970.644716,,DISCONNECTED,,,,,,
20260107_173549,2026-01-07T17:42:52.180,1767796972.180625,,CONNECTED,,,,,,1.5359032154083252
20260107_173549,2026-01-07T17:42:52.183,1767796972.183595,222,DATA,-86,-2542,-1271,Cok Zayif,0,
20260107_173549,2026-01-07T17:42:55.669,1767796975.669445,223,DATA,-87,-38,-19,Cok Zayif,0,
20260107_173549,2026-01-07T17:42:59.144,1767796979.1443572,224,DATA,-91,-13,-7,Cok Zayif,0,
20260107_173549,2026-01-07T17:43:03.650,1767796983.650527,,DISCONNECTED,,,,,,
20260107_173549,2026-01-07T17:43:11.133,1767796991.1333928,,CONNECTED,,,,,,7.4828479290008545
20260107_173549,2026-01-07T17:43:11.139,1767796991.1391711,225,DATA,-89,-8637,-4319,Cok Zayif,0,
20260107_173549,2026-01-07T17:43:15.851,1767796995.8516622,,DISCONNECTED,,,,,,
20260107_173549,2026-01-07T17:43:17.678,1767796997.678582,,CONNECTED,,,,,,1.8269078731536865
20260107_173549,2026-01-07T17:43:17.681,1767796997.681516,226,DATA,-89,-100,-50,Cok Zayif,0,
20260107_173549,2026-01-07T17:43:21.160,1767797001.16034,227,DATA,-86,-2677,-1339,Cok Zayif,0,
20260107_173549,2026-01-07T17:43:24.642,1767797004.6423638,228,DATA,-86,-94,-47,Cok Zayif,0,
20260107_173549,2026-01-07T17:43:28.229,1767797008.229435,229,DATA,-86,-54,-27,Cok Zayif,0,
20260107_173549,2026-01-07T17:43:31.195,1767797011.195616,230,DATA,-86,-30,-15,Cok Zayif,0,
20260107_173549,2026-01-07T17:43:34.677,1767797014.67771,231,DATA,-90,-13,-7,Cok Zayif,0,
20260107_173549,2026-01-07T17:43:39.694,1767797019.694964,,DISCONNECTED,,,,,,
20260107_173549,2026-01-07T17:43:44.201,1767797024.201055,,CONNECTED,,,,,,4.506072759628296
20260107_173549,2026-01-07T17:43:44.204,1767797024.204088,232,DATA,-85,-25,-13,Cok Zayif,0,
20260107_173549,2026-01-07T17:43:47.682,1767797027.68271,233,DATA,-84,-32,-16,Cok Zayif,0,
20260107_173549,2026-01-07T17:43:51.164,1767797031.1642292,234,DATA,-88,-47,-24,Cok Zayif,0,
20260107_173549,2026-01-07T17:43:55.670,1767797035.670094,,DISCONNECTED,,,,,,
20260107_173549,2026-01-07T17:44:03.350,1767797043.350382,,CONNECTED,,,,,,7.6802990436553955
20260107_173549,2026-01-07T17:44:03.353,1767797043.353656,235,DATA,-82,-8596,-4298,Cok Zayif,0,
20260107_173549,2026-01-07T17:44:07.752,1767797047.752629,,DISCONNECTED,,,,,,
20260107_173549,2026-01-07T17:44:09.188,1767797049.1880388,,CONNECTED,,,,,,1.4353969097137451
20260107_173549,2026-01-07T17:44:09.190,1767797049.190927,236,DATA,-86,-2565,-1283,Cok Zayif,0,
20260107_173549,2026-01-07T17:44:12.770,1767797052.770638,237,DATA,-87,-22,-11,Cok Zayif,0,
20260107_173549,2026-01-07T17:44:16.765,1767797056.7659352,,DISCONNECTED,,,,,,
20260107_173549,2026-01-07T17:44:21.781,1767797061.781865,,CONNECTED,,,,,,5.01594877243042
20260107_173549,2026-01-07T17:44:21.784,1767797061.784512,238,DATA,-85,-5620,-2810,Cok Zayif,0,
20260107_173549,2026-01-07T17:44:25.263,1767797065.2630851,239,DATA,-83,-14,-7,Cok Zayif,0,
20260107_173549,2026-01-07T17:44:28.745,1767797068.745506,240,DATA,-89,-25,-13,Cok Zayif,0,
20260107_173549,2026-01-07T17:44:32.743,1767797072.743907,,DISCONNECTED,,,,,,
20260107_173549,2026-01-07T17:44:37.757,1767797077.757243,,CONNECTED,,,,,,5.013327121734619
20260107_173549,2026-01-07T17:44:37.759,1767797077.759855,241,DATA,-84,-2626,-1313,Cok Zayif,0,
20260107_173549,2026-01-07T17:44:41.237,1767797081.237874,242,DATA,-80,-31,-16,Zayif,1,
20260107_173549,2026-01-07T17:44:44.719,1767797084.719041,243,DATA,-82,-31,-16,Cok Zayif,0,
20260107_173549,2026-01-07T17:44:48.304,1767797088.304805,244,DATA,-87,-18,-9,Cok Zayif,0,
20260107_173549,2026-01-07T17:44:51.273,1767797091.273024,245,DATA,-79,-13,-7,Zayif,1,
20260107_173549,2026-01-07T17:44:54.754,1767797094.754774,246,DATA,-80,-13,-7,Zayif,1,
20260107_173549,2026-01-07T17:44:58.237,1767797098.237664,247,DATA,-72,-15,-8,Zayif,1,
20260107_173549,2026-01-07T17:45:01.820,1767797101.820468,248,DATA,-75,-14,-7,Zayif,1,
20260107_173549,2026-01-07T17:45:05.303,1767797105.303635,249,DATA,-71,-11,-6,Zayif,1,
20260107_173549,2026-01-07T17:45:08.783,1767797108.7831109,250,DATA,-69,-34,-17,Orta,2,
20260107_173549,2026-01-07T17:45:12.266,1767797112.266272,251,DATA,-70,-27,-14,Orta,2,
20260107_173549,2026-01-07T17:45:15.852,1767797115.852604,252,DATA,-68,-15,-8,Orta,2,
20260107_173549,2026-01-07T17:45:19.330,1767797119.33091,253,DATA,-69,-131,-66,Orta,2,
20260107_173549,2026-01-07T17:45:22.812,1767797122.812819,254,DATA,-69,-12,-6,Orta,2,
20260107_173549,2026-01-07T17:45:26.293,1767797126.293626,255,DATA,-68,-32,-16,Orta,2,
20260107_173549,2026-01-07T17:45:29.775,1767797129.775648,256,DATA,-71,-9,-5,Zayif,1,
20260107_173549,2026-01-07T17:45:33.359,1767797133.359454,257,DATA,-69,-73,-37,Orta,2,
20260107_173549,2026-01-07T17:45:36.329,1767797136.329355,258,DATA,-71,-17,-9,Zayif,1,
20260107_173549,2026-01-07T17:45:39.810,1767797139.810297,259,DATA,-69,-22,-11,Orta,2,
20260107_173549,2026-01-07T17:45:43.294,1767797143.294764,260,DATA,-69,-10,-5,Orta,2,
20260107_173549,2026-01-07T17:45:46.877,1767797146.877331,261,DATA,-70,-10,-5,Orta,2,
20260107_173549,2026-01-07T17:45:50.359,1767797150.359444,262,DATA,-68,-19,-10,Orta,2,
20260107_173549,2026-01-07T17:45:53.839,1767797153.839484,263,DATA,-69,-18,-9,Orta,2,
20260107_173549,2026-01-07T17:45:57.320,1767797157.3208342,264,DATA,-69,-11,-6,Orta,2,
20260107_173549,2026-01-07T17:46:00.802,1767797160.8029618,265,DATA,-68,-22,-11,Orta,2,
20260107_173549,2026-01-07T17:46:03.874,1767797163.874829,266,DATA,-68,-10,-5,Orta,2,
20260107_173549,2026-01-07T17:46:07.356,1767797167.356117,267,DATA,-69,-14,-7,Orta,2,
20260107_173549,2026-01-07T17:46:10.839,1767797170.839438,268,DATA,-69,-10,-5,Orta,2,
20260107_173549,2026-01-07T17:46:14.319,1767797174.319533,269,DATA,-69,-10,-5,Orta,2,
20260107_173549,2026-01-07T17:46:18.944,1767797178.944572,,DISCONNECTED,,,,,,
20260107_173549,2026-01-07T17:46:24.875,1767797184.875998,,CONNECTED,,,,,,5.931442975997925
20260107_173549,2026-01-07T17:46:24.881,1767797184.881858,270,PACKET_LOST,,,,,,
20260107_173549,2026-01-07T17:46:24.882,1767797184.8820539,271,DATA,-71,-1228,-614,Zayif,1,
20260107_173549,2026-01-07T17:46:28.349,1767797188.349222,272,DATA,-68,-19,-10,Orta,2,
20260107_173549,2026-01-07T17:46:31.932,1767797191.932605,273,DATA,-70,-11,-6,Orta,2,
20260107_173549,2026-01-07T17:46:35.416,1767797195.416449,274,DATA,-71,-92,-46,Zayif,1,
20260107_173549,2026-01-07T17:46:38.896,1767797198.896173,275,DATA,-71,-27,-14,Zayif,1,
20260107_173549,2026-01-07T17:46:42.379,1767797202.379978,276,DATA,-73,-21,-11,Zayif,1,
20260107_173549,2026-01-07T17:46:45.860,1767797205.860683,277,DATA,-72,-14,-7,Zayif,1,
20260107_173549,2026-01-07T17:46:49.442,1767797209.442852,278,DATA,-69,-10,-5,Orta,2,
20260107_173549,2026-01-07T17:46:52.924,1767797212.9248068,279,DATA,-68,-11,-6,Orta,2,
20260107_173549,2026-01-07T17:46:56.405,1767797216.405796,280,DATA,-69,-11,-6,Orta,2,
20260107_173549,2026-01-07T17:46:59.376,1767797219.376584,281,DATA,-68,-16,-8,Orta,2,
20260107_173549,2026-01-07T17:47:02.959,1767797222.959386,282,DATA,-69,-54,-27,Orta,2,
20260107_173549,2026-01-07T17:47:06.441,1767797226.4415581,283,DATA,-69,-10,-5,Orta,2,
20260107_173549,2026-01-07T17:47:09.922,1767797229.922998,284,DATA,-69,-12,-6,Orta,2,
20260107_173549,2026-01-07T17:47:13.404,1767797233.404906,285,DATA,-68,-46,-23,Orta,2,
20260107_173549,2026-01-07T17:47:16.885,1767797236.8858209,286,DATA,-70,-31,-16,Orta,2,
20260107_173549,2026-01-07T17:47:20.475,1767797240.475343,287,DATA,-71,-59,-30,Zayif,1,
20260107_173549,2026-01-07T17:47:25.090,1767797245.090241,,DISCONNECTED,,,,,,
20260107_173549,2026-01-07T17:47:26.409,1767797246.4094799,,CONNECTED,,,,,,1.3192648887634277
20260107_173549,2026-01-07T17:47:26.412,1767797246.412252,288,DATA,-70,-2588,-1294,Orta,2,
20260107_173549,2026-01-07T17:47:29.993,1767797249.9937532,289,DATA,-71,-64,-32,Zayif,1,
20260107_173549,2026-01-07T17:47:33.475,1767797253.475378,290,DATA,-70,-16,-8,Orta,2,
20260107_173549,2026-01-07T17:47:36.956,1767797256.956913,291,DATA,-70,-10,-5,Orta,2,
20260107_173549,2026-01-07T17:47:40.440,1767797260.44079,292,DATA,-81,-21,-11,Cok Zayif,0,
20260107_173549,2026-01-07T17:47:43.920,1767797263.920198,293,DATA,-59,-12,-6,Iyi,3,
20260107_173549,2026-01-07T17:47:48.937,1767797268.9378638,,DISCONNECTED,,,,,,
20260107_173549,2026-01-07T17:47:53.443,1767797273.4434361,,CONNECTED,,,,,,4.505571126937866
20260107_173549,2026-01-07T17:47:53.445,1767797273.445972,1,DATA,-52,-15,-8,Iyi,3,
20260107_173549,2026-01-07T17:47:56.928,1767797276.928803,2,DATA,-54,-22,-11,Iyi,3,
20260107_173549,2026-01-07T17:48:00.508,1767797280.5086231,3,DATA,-53,-9,-5,Iyi,3,
20260107_173549,2026-01-07T17:48:03.479,1767797283.479419,4,DATA,-54,-10,-5,Iyi,3,
20260107_173549,2026-01-07T17:48:06.959,1767797286.959618,5,DATA,-52,-13,-7,Iyi,3,
20260107_173549,2026-01-07T17:48:10.441,1767797290.441974,6,DATA,-54,-19,-10,Iyi,3,
20260107_173549,2026-01-07T17:48:14.025,1767797294.025193,7,DATA,-61,-10,-5,Orta,2,
20260107_173549,2026-01-07T17:48:17.509,1767797297.509826,8,DATA,-57,-12,-6,Iyi,3,
20260107_173549,2026-01-07T17:48:21.090,1767797301.0908868,9,DATA,-62,-11,-6,Orta,2,
20260107_173549,2026-01-07T17:48:24.472,1767797304.472277,10,DATA,-62,-68,-34,Orta,2,
20260107_173549,2026-01-07T17:48:28.055,1767797308.0556421,11,DATA,-62,-14,-7,Orta,2,
20260107_173549,2026-01-07T17:48:31.536,1767797311.5365372,12,DATA,-63,-10,-5,Orta,2,
20260107_173549,2026-01-07T17:48:35.018,1767797315.018608,13,DATA,-64,-13,-7,Orta,2,
20260107_173549,2026-01-07T17:48:37.986,1767797317.9869702,14,DATA,-66,-11,-6,Orta,2,
20260107_173549,2026-01-07T17:48:41.571,1767797321.571317,15,DATA,-63,-14,-7,Orta,2,
20260107_173549,2026-01-07T17:48:45.052,1767797325.052785,16,DATA,-64,-24,-12,Orta,2,
20260107_173549,2026-01-07T17:48:48.536,1767797328.536201,17,DATA,-60,-23,-12,Iyi,3,
20260107_173549,2026-01-07T17:48:52.016,1767797332.016524,18,DATA,-60,-13,-7,Iyi,3,
20260107_173549,2026-01-07T17:48:55.497,1767797335.497343,19,DATA,-60,-14,-7,Iyi,3,
20260107_173549,2026-01-07T17:48:59.081,1767797339.081801,20,DATA,-58,-10,-5,Iyi,3,
20260107_173549,2026-01-07T17:49:02.051,1767797342.0519218,21,DATA,-58,-12,-6,Iyi,3,
20260107_173549,2026-01-07T17:49:05.533,1767797345.53358,22,DATA,-61,-15,-8,Orta,2,
20260107_173549,2026-01-07T17:49:09.016,1767797349.0165818,23,DATA,-57,-10,-5,Iyi,3,
20260107_173549,2026-01-07T17:49:12.598,1767797352.598897,24,DATA,-53,-11,-6,Iyi,3,
20260107_173549,2026-01-07T17:49:16.183,1767797356.183702,25,DATA,-52,-13,-7,Iyi,3,
20260107_173549,2026-01-07T17:49:19.562,1767797359.562218,26,DATA,-54,-47,-24,Iyi,3,
20260107_173549,2026-01-07T17:49:23.043,1767797363.043322,27,DATA,-56,-13,-7,Iyi,3,
20260107_173549,2026-01-07T17:49:26.628,1767797366.628897,28,DATA,-55,-10,-5,Iyi,3,
20260107_173549,2026-01-07T17:49:30.116,1767797370.116739,29,DATA,-54,-45,-23,Iyi,3,
20260107_173549,2026-01-07T17:49:33.079,1767797373.079036,30,DATA,-54,-14,-7,Iyi,3,
20260107_173549,2026-01-07T17:49:36.560,1767797376.560131,31,DATA,-54,-10,-5,Iyi,3,
20260107_173549,2026-01-07T17:49:40.145,1767797380.145808,32,DATA,-54,-11,-6,Iyi,3,
20260107_173549,2026-01-07T17:49:43.625,1767797383.6259809,33,DATA,-55,-25,-13,Iyi,3,
20260107_173549,2026-01-07T17:49:47.107,1767797387.1070971,34,DATA,-56,-14,-7,Iyi,3,
20260107_173549,2026-01-07T17:49:50.558,1767797390.55846,35,DATA,-54,-13,-7,Iyi,3,
20260107_173549,2026-01-07T17:49:54.072,1767797394.072581,36,DATA,-55,-15,-8,Iyi,3,
20260107_173549,2026-01-07T17:49:57.654,1767797397.654351,37,DATA,-59,-10,-5,Iyi,3,
20260107_173549,2026-01-07T17:50:00.624,1767797400.6244118,38,DATA,-53,-11,-6,Iyi,3,
20260107_173549,2026-01-07T17:50:04.207,1767797404.207954,39,DATA,-55,-11,-6,Iyi,3,
20260107_173549,2026-01-07T17:50:07.587,1767797407.587392,40,DATA,-54,-17,-9,Iyi,3,
20260107_173549,2026-01-07T17:50:11.171,1767797411.171734,41,DATA,-54,-30,-15,Iyi,3,
20260107_173549,2026-01-07T17:50:14.653,1767797414.653995,42,DATA,-56,-17,-9,Iyi,3,
20260107_173549,2026-01-07T17:50:18.134,1767797418.134646,43,DATA,-54,-15,-8,Iyi,3,
20260107_173549,2026-01-07T17:50:21.616,1767797421.616906,44,DATA,-54,-20,-10,Iyi,3,
20260107_173549,2026-01-07T17:50:25.203,1767797425.203604,45,DATA,-54,-11,-6,Iyi,3,
20260107_173549,2026-01-07T17:50:28.170,1767797428.170321,46,DATA,-56,-15,-8,Iyi,3,
20260107_173549,2026-01-07T17:50:31.651,1767797431.651488,47,DATA,-54,-10,-5,Iyi,3,
20260107_173549,2026-01-07T17:50:35.134,1767797435.134068,48,DATA,-53,-14,-7,Iyi,3,
20260107_173549,2026-01-07T17:50:38.616,1767797438.616014,49,DATA,-53,-24,-12,Iyi,3,
20260107_173549,2026-01-07T17:50:42.116,1767797442.116315,50,DATA,-55,-10,-5,Iyi,3,
20260107_173549,2026-01-07T17:50:45.680,1767797445.680238,51,DATA,-53,-15,-8,Iyi,3,
20260107_173549,2026-01-07T17:50:49.162,1767797449.162424,52,DATA,-60,-11,-6,Iyi,3,
20260107_173549,2026-01-07T17:50:52.643,1767797452.643979,53,DATA,-66,-17,-9,Orta,2,
20260107_173549,2026-01-07T17:50:55.717,1767797455.7172742,54,DATA,-65,-11,-6,Orta,2,
20260107_173549,2026-01-07T17:50:59.197,1767797459.1971982,55,DATA,-61,-10,-5,Orta,2,
20260107_173549,2026-01-07T17:51:02.680,1767797462.680694,56,DATA,-58,-10,-5,Iyi,3,
20260107_173549,2026-01-07T17:51:06.161,1767797466.161199,57,DATA,-55,-9,-5,Iyi,3,
20260107_173549,2026-01-07T17:51:09.744,1767797469.744412,58,DATA,-62,-13,-7,Orta,2,
20260107_173549,2026-01-07T17:51:13.225,1767797473.2259479,59,DATA,-60,-12,-6,Iyi,3,
20260107_173549,2026-01-07T17:51:16.708,1767797476.708299,60,DATA,-60,-14,-7,Iyi,3,
20260107_173549,2026-01-07T17:51:20.189,1767797480.1894422,61,DATA,-60,-28,-14,Iyi,3,
20260107_173549,2026-01-07T17:51:23.261,1767797483.261318,62,DATA,-58,-10,-5,Iyi,3,
20260107_173549,2026-01-07T17:51:26.743,1767797486.743567,63,DATA,-59,-11,-6,Iyi,3,
20260107_173549,2026-01-07T17:51:30.225,1767797490.225131,64,DATA,-60,-11,-6,Iyi,3,
20260107_173549,2026-01-07T17:51:33.705,1767797493.7059221,65,DATA,-58,-17,-9,Iyi,3,
20260107_173549,2026-01-07T17:51:37.187,1767797497.187645,66,DATA,-58,-11,-6,Iyi,3,
20260107_173549,2026-01-07T17:51:40.684,1767797500.684225,67,DATA,-59,-11,-6,Iyi,3,
20260107_173549,2026-01-07T17:51:44.253,1767797504.253193,68,DATA,-63,-13,-7,Orta,2,
20260107_173549,2026-01-07T17:51:47.222,1767797507.222801,69,DATA,-61,-10,-5,Orta,2,
20260107_173549,2026-01-07T17:51:50.706,1767797510.706968,70,DATA,-66,-11,-6,Orta,2,
20260107_173549,2026-01-07T17:51:54.288,1767797514.288718,71,DATA,-66,-40,-20,Orta,2,
20260107_173549,2026-01-07T17:51:57.770,1767797517.770815,72,DATA,-66,-10,-5,Orta,2,
20260107_173549,2026-01-07T17:52:01.252,1767797521.2521641,73,DATA,-60,-10,-5,Iyi,3,
20260107_173549,2026-01-07T17:52:04.734,1767797524.734089,74,DATA,-59,-10,-5,Iyi,3,
20260107_173549,2026-01-07T17:52:08.317,1767797528.317321,75,DATA,-58,-10,-5,Iyi,3,
20260107_173549,2026-01-07T17:52:11.799,1767797531.7992902,76,DATA,-63,-10,-5,Orta,2,
20260107_173549,2026-01-07T17:52:14.768,1767797534.768996,77,DATA,-60,-11,-6,Iyi,3,
20260107_173549,2026-01-07T17:52:18.250,1767797538.2507122,78,DATA,-61,-11,-6,Orta,2,
20260107_173549,2026-01-07T17:52:21.834,1767797541.83429,79,DATA,-61,-14,-7,Orta,2,
20260107_173549,2026-01-07T17:52:25.319,1767797545.319726,80,DATA,-62,-11,-6,Orta,2,
20260107_173549,2026-01-07T17:52:28.797,1767797548.797806,81,DATA,-61,-11,-6,Orta,2,
20260107_173549,2026-01-07T17:52:32.279,1767797552.279062,82,DATA,-60,-11,-6,Iyi,3,
20260107_173549,2026-01-07T17:52:36.792,1767797556.79299,,DISCONNECTED,,,,,,
20260107_173549,2026-01-07T17:52:38.320,1767797558.3207622,,CONNECTED,,,,,,1.5277600288391113
20260107_173549,2026-01-07T17:52:38.323,1767797558.323669,83,DATA,-64,-2605,-1303,Orta,2,
20260107_173549,2026-01-07T17:52:41.806,1767797561.8065112,84,DATA,-68,-11,-6,Orta,2,
20260107_173549,2026-01-07T17:52:45.261,1767797565.261337,85,DATA,-65,-13,-7,Orta,2,
20260107_173549,2026-01-07T17:52:48.357,1767797568.357391,86,DATA,-61,-10,-5,Orta,2,
20260107_173549,2026-01-07T17:52:51.837,1767797571.8377469,87,DATA,-60,-9,-5,Iyi,3,
20260107_173549,2026-01-07T17:52:55.326,1767797575.32689,88,DATA,-62,-10,-5,Orta,2,
20260107_173549,2026-01-07T17:52:58.800,1767797578.800813,89,DATA,-62,-19,-10,Orta,2,
20260107_173549,2026-01-07T17:53:02.385,1767797582.38505,90,DATA,-64,-13,-7,Orta,2,
20260107_173549,2026-01-07T17:53:05.867,1767797585.867539,91,DATA,-65,-14,-7,Orta,2,
20260107_173549,2026-01-07T17:53:09.348,1767797589.348165,92,DATA,-65,-13,-7,Orta,2,
20260107_173549,2026-01-07T17:53:12.830,1767797592.830078,93,DATA,-69,-9,-5,Orta,2,
20260107_173549,2026-01-07T17:53:15.901,1767797595.901292,94,DATA,-69,-10,-5,Orta,2,
20260107_173549,2026-01-07T17:53:19.383,1767797599.383213,95,DATA,-69,-17,-9,Orta,2,
20260107_173549,2026-01-07T17:53:22.865,1767797602.865181,96,DATA,-69,-11,-6,Orta,2,
20260107_173549,2026-01-07T17:53:26.346,1767797606.34659,97,DATA,-69,-9,-5,Orta,2,
20260107_173549,2026-01-07T17:53:29.828,1767797609.828574,98,DATA,-69,-27,-14,Orta,2,
20260107_173549,2026-01-07T17:53:33.412,1767797613.412823,99,DATA,-72,-56,-28,Zayif,1,
20260107_173549,2026-01-07T17:53:37.930,1767797617.930202,,DISCONNECTED,,,,,,
20260107_173549,2026-01-07T17:53:39.353,1767797619.35318,,CONNECTED,,,,,,1.4230027198791504
20260107_173549,2026-01-07T17:53:39.356,1767797619.3569238,100,DATA,-71,-2552,-1276,Zayif,1,
20260107_173549,2026-01-07T17:53:42.833,1767797622.833347,101,DATA,-74,-10,-5,Zayif,1,
20260107_173549,2026-01-07T17:53:46.416,1767797626.4168582,102,DATA,-71,-23,-12,Zayif,1,
20260107_173549,2026-01-07T17:53:49.898,1767797629.898741,103,DATA,-71,-53,-27,Zayif,1,
20260107_173549,2026-01-07T17:53:53.379,1767797633.379916,104,DATA,-72,-19,-10,Zayif,1,
20260107_173549,2026-01-07T17:53:56.861,1767797636.861886,105,DATA,-71,-11,-6,Zayif,1,
20260107_173549,2026-01-07T17:53:59.934,1767797639.9340968,106,DATA,-70,-10,-5,Orta,2,
20260107_173549,2026-01-07T17:54:03.415,1767797643.415858,107,DATA,-72,-12,-6,Zayif,1,
20260107_173549,2026-01-07T17:54:06.897,1767797646.8970912,108,DATA,-72,-11,-6,Zayif,1,
20260107_173549,2026-01-07T17:54:10.378,1767797650.378367,109,DATA,-70,-10,-5,Orta,2,
20260107_173549,2026-01-07T17:54:13.890,1767797653.89043,110,DATA,-70,-11,-6,Orta,2,
20260107_173549,2026-01-07T17:54:17.444,1767797657.44464,111,DATA,-65,-9,-5,Orta,2,
20260107_173549,2026-01-07T17:54:20.926,1767797660.926208,112,DATA,-67,-16,-8,Orta,2,
20260107_173549,2026-01-07T17:54:24.408,1767797664.408614,113,DATA,-68,-9,-5,Orta,2,
20260107_173549,2026-01-07T17:54:27.480,1767797667.480768,114,DATA,-65,-10,-5,Orta,2,
20260107_173549,2026-01-07T17:54:30.960,1767797670.96082,115,DATA,-70,-10,-5,Orta,2,
20260107_173549,2026-01-07T17:54:34.443,1767797674.4437919,116,DATA,-68,-27,-14,Orta,2,
20260107_173549,2026-01-07T17:54:38.954,1767797678.95438,,DISCONNECTED,,,,,,
20260107_173549,2026-01-07T17:54:40.484,1767797680.4845152,,CONNECTED,,,,,,1.5301129817962646
20260107_173549,2026-01-07T17:54:40.487,1767797680.4878132,117,DATA,-65,-42,-21,Orta,2,
20260107_173549,2026-01-07T17:54:41.408,1767797681.408658,118,DATA,-67,-12,-6,Orta,2,
20260107_173549,2026-01-07T17:54:44.987,1767797684.98744,119,DATA,-68,-16,-8,Orta,2,
20260107_173549,2026-01-07T17:54:48.470,1767797688.470598,120,DATA,-67,-13,-7,Orta,2,
20260107_173549,2026-01-07T17:54:51.950,1767797691.950656,121,DATA,-65,-10,-5,Orta,2,
20260107_173549,2026-01-07T17:54:55.431,1767797695.43189,122,DATA,-64,-13,-7,Orta,2,
20260107_173549,2026-01-07T17:54:58.503,1767797698.503798,123,DATA,-63,-16,-8,Orta,2,
20260107_173549,2026-01-07T17:55:01.990,1767797701.990297,124,DATA,-64,-22,-11,Orta,2,
20260107_173549,2026-01-07T17:55:05.473,1767797705.473558,125,DATA,-65,-20,-10,Orta,2,
20260107_173549,2026-01-07T17:55:08.950,1767797708.9502652,126,DATA,-66,-15,-8,Orta,2,
20260107_173549,2026-01-07T17:55:12.534,1767797712.534482,127,DATA,-61,-11,-6,Orta,2,
20260107_173549,2026-01-07T17:55:16.014,1767797716.01406,128,DATA,-62,-25,-13,Orta,2,
20260107_173549,2026-01-07T17:55:19.496,1767797719.4961832,129,DATA,-63,-11,-6,Orta,2,
20260107_173549,2026-01-07T17:55:22.977,1767797722.9776819,130,DATA,-53,-10,-5,Iyi,3,
20260107_173549,2026-01-07T17:55:26.049,1767797726.049752,131,DATA,-59,-9,-5,Iyi,3,
20260107_173549,2026-01-07T17:55:29.531,1767797729.531286,132,DATA,-57,-10,-5,Iyi,3,
20260107_173549,2026-01-07T17:55:33.015,1767797733.0150242,133,DATA,-63,-13,-7,Orta,2,
20260107_173549,2026-01-07T17:55:36.494,1767797736.494136,134,DATA,-66,-9,-5,Orta,2,
20260107_173549,2026-01-07T17:55:39.976,1767797739.976325,135,DATA,-65,-10,-5,Orta,2,
20260107_173549,2026-01-07T17:55:43.562,1767797743.562691,136,DATA,-82,-13,-7,Cok Zayif,0,
20260107_173549,2026-01-07T17:55:47.041,1767797747.041179,137,DATA,-60,-16,-8,Iyi,3,
20260107_173549,2026-01-07T17:55:50.479,1767797750.479093,138,DATA,-65,-15,-8,Orta,2,
20260107_173549,2026-01-07T17:55:53.495,1767797753.495085,139,DATA,-75,-11,-6,Zayif,1,
20260107_173549,2026-01-07T17:55:57.076,1767797757.076739,140,DATA,-71,-25,-13,Zayif,1,
20260107_173549,2026-01-07T17:56:01.070,1767797761.070913,141,DATA,-69,-37,-19,Orta,2,
20260107_173549,2026-01-07T17:56:04.039,1767797764.039636,142,DATA,-75,-10,-5,Zayif,1,
20260107_173549,2026-01-07T17:56:07.521,1767797767.521693,143,DATA,-69,-14,-7,Orta,2,
20260107_173549,2026-01-07T17:56:11.107,1767797771.107079,144,DATA,-65,-16,-8,Orta,2,
20260107_173549,2026-01-07T17:56:14.587,1767797774.5870888,145,DATA,-70,-22,-11,Orta,2,
20260107_173549,2026-01-07T17:56:18.074,1767797778.0746582,146,DATA,-69,-22,-11,Orta,2,
20260107_173549,2026-01-07T17:56:21.550,1767797781.550664,147,DATA,-67,-19,-10,Orta,2,
20260107_173549,2026-01-07T17:56:25.032,1767797785.0324109,148,DATA,-66,-10,-5,Orta,2,
20260107_173549,2026-01-07T17:56:28.616,1767797788.616204,149,DATA,-66,-16,-8,Orta,2,
20260107_173549,2026-01-07T17:56:31.586,1767797791.586179,150,DATA,-65,-10,-5,Orta,2,
20260107_173549,2026-01-07T17:56:35.066,1767797795.0669599,151,DATA,-66,-10,-5,Orta,2,
20260107_173549,2026-01-07T17:56:38.554,1767797798.5541172,152,DATA,-68,-15,-8,Orta,2,
20260107_173549,2026-01-07T17:56:42.544,1767797802.544875,,DISCONNECTED,,,,,,
20260107_173549,2026-01-07T17:56:45.102,1767797805.102405,,CONNECTED,,,,,,2.5575339794158936
20260107_173549,2026-01-07T17:56:45.110,1767797805.110506,153,DATA,-69,-2835,-1418,Orta,2,
20260107_173549,2026-01-07T17:56:48.584,1767797808.584241,154,DATA,-67,-26,-13,Orta,2,
20260107_173549,2026-01-07T17:56:51.553,1767797811.553679,155,DATA,-66,-10,-5,Orta,2,
20260107_173549,2026-01-07T17:56:55.137,1767797815.1379032,156,DATA,-71,-11,-6,Zayif,1,
20260107_173549,2026-01-07T17:56:58.623,1767797818.623714,157,DATA,-65,-11,-6,Orta,2,
20260107_173549,2026-01-07T17:57:02.104,1767797822.104937,158,DATA,-70,-13,-7,Orta,2,
20260107_173549,2026-01-07T17:57:05.584,1767797825.584878,159,DATA,-68,-9,-5,Orta,2,
20260107_173549,2026-01-07T17:57:09.166,1767797829.166326,160,DATA,-68,-12,-6,Orta,2,
20260107_173549,2026-01-07T17:57:12.648,1767797832.6486762,161,DATA,-69,-11,-6,Orta,2,
20260107_173549,2026-01-07T17:57:16.130,1767797836.1304011,162,DATA,-68,-15,-8,Orta,2,
20260107_173549,2026-01-07T17:57:19.100,1767797839.100233,163,DATA,-67,-13,-7,Orta,2,
20260107_173549,2026-01-07T17:57:22.683,1767797842.683999,164,DATA,-71,-10,-5,Zayif,1,
20260107_173549,2026-01-07T17:57:26.165,1767797846.165451,165,DATA,-68,-14,-7,Orta,2,
20260107_173549,2026-01-07T17:57:29.647,1767797849.64702,166,DATA,-71,-18,-9,Zayif,1,
20260107_173549,2026-01-07T17:57:33.128,1767797853.128428,167,DATA,-64,-9,-5,Orta,2,
20260107_173549,2026-01-07T17:57:36.609,1767797856.609848,168,DATA,-65,-16,-8,Orta,2,
20260107_173549,2026-01-07T17:57:40.193,1767797860.193743,169,DATA,-66,-15,-8,Orta,2,
20260107_173549,2026-01-07T17:57:43.165,1767797863.165285,170,DATA,-73,-16,-8,Zayif,1,
20260107_173549,2026-01-07T17:57:47.158,1767797867.158468,171,DATA,-69,-83,-42,Orta,2,
20260107_173549,2026-01-07T17:57:50.638,1767797870.6388822,172,DATA,-72,-59,-30,Zayif,1,
20260107_173549,2026-01-07T17:57:53.711,1767797873.711133,173,DATA,-72,-12,-6,Zayif,1,
20260107_173549,2026-01-07T17:57:57.192,1767797877.1921768,174,DATA,-73,-18,-9,Zayif,1,
20260107_173549,2026-01-07T17:58:00.680,1767797880.680307,175,DATA,-68,-14,-7,Orta,2,
20260107_173549,2026-01-07T17:58:04.157,1767797884.157621,176,DATA,-70,-13,-7,Orta,2,
20260107_173549,2026-01-07T17:58:07.739,1767797887.739999,177,DATA,-65,-11,-6,Orta,2,
20260107_173549,2026-01-07T17:58:11.221,1767797891.2216918,178,DATA,-65,-25,-13,Orta,2,
20260107_173549,2026-01-07T17:58:14.703,1767797894.703431,179,DATA,-64,-57,-29,Orta,2,
20260107_173549,2026-01-07T17:58:18.183,1767797898.183885,180,DATA,-66,-11,-6,Orta,2,
20260107_173549,2026-01-07T17:58:21.256,1767797901.256238,181,DATA,-64,-10,-5,Orta,2,
20260107_173549,2026-01-07T17:58:24.738,1767797904.738108,182,DATA,-64,-11,-6,Orta,2,
20260107_173549,2026-01-07T17:58:28.219,1767797908.219272,183,DATA,-64,-13,-7,Orta,2,
20260107_173549,2026-01-07T17:58:31.701,1767797911.701556,184,DATA,-65,-10,-5,Orta,2,
20260107_173549,2026-01-07T17:58:35.182,1767797915.182554,185,DATA,-66,-14,-7,Orta,2,
20260107_173549,2026-01-07T17:58:38.766,1767797918.7667441,186,DATA,-65,-12,-6,Orta,2,
20260107_173549,2026-01-07T17:58:42.248,1767797922.248134,187,DATA,-65,-12,-6,Orta,2,
20260107_173549,2026-01-07T17:58:45.730,1767797925.730288,188,DATA,-66,-12,-6,Orta,2,
20260107_173549,2026-01-07T17:58:49.220,1767797929.220499,189,DATA,-65,-18,-9,Orta,2,
20260107_173549,2026-01-07T17:58:52.282,1767797932.282888,190,DATA,-67,-22,-11,Orta,2,
20260107_173549,2026-01-07T17:58:55.767,1767797935.767423,191,DATA,-73,-48,-24,Zayif,1,
20260107_173549,2026-01-07T17:58:59.246,1767797939.24658,192,DATA,-72,-31,-16,Zayif,1,
20260107_173549,2026-01-07T17:59:02.728,1767797942.728693,193,DATA,-69,-13,-7,Orta,2,
20260107_173549,2026-01-07T17:59:06.209,1767797946.2098382,194,DATA,-68,-9,-5,Orta,2,
20260107_173549,2026-01-07T17:59:09.800,1767797949.800277,195,DATA,-71,-16,-8,Zayif,1,
20260107_173549,2026-01-07T17:59:13.276,1767797953.276372,196,DATA,-70,-10,-5,Orta,2,
20260107_173549,2026-01-07T17:59:16.757,1767797956.75715,197,DATA,-70,-11,-6,Orta,2,
20260107_173549,2026-01-07T17:59:19.727,1767797959.727304,198,DATA,-70,-14,-7,Orta,2,
20260107_173549,2026-01-07T17:59:23.310,1767797963.310658,199,DATA,-70,-10,-5,Orta,2,
20260107_173549,2026-01-07T17:59:26.792,1767797966.7921731,200,DATA,-72,-17,-9,Zayif,1,
20260107_173549,2026-01-07T17:59:30.274,1767797970.274328,201,DATA,-71,-12,-6,Zayif,1,
20260107_173549,2026-01-07T17:59:33.756,1767797973.756402,202,DATA,-70,-10,-5,Orta,2,
20260107_173549,2026-01-07T17:59:37.340,1767797977.3404028,203,DATA,-71,-11,-6,Zayif,1,
20260107_173549,2026-01-07T17:59:40.746,1767797980.746677,204,DATA,-70,-21,-11,Orta,2,
20260107_173549,2026-01-07T17:59:44.302,1767797984.302837,205,DATA,-70,-14,-7,Orta,2,
20260107_173549,2026-01-07T17:59:47.273,1767797987.273669,206,DATA,-70,-40,-20,Orta,2,
20260107_173549,2026-01-07T17:59:51.785,1767797991.785165,,DISCONNECTED,,,,,,
20260107_173549,2026-01-07T17:59:53.826,1767797993.826554,,CONNECTED,,,,,,2.0413880348205566
20260107_173549,2026-01-07T17:59:53.829,1767797993.8294241,207,DATA,-73,-2714,-1357,Zayif,1,
20260107_173549,2026-01-07T17:59:57.307,1767797997.307743,208,DATA,-67,-10,-5,Orta,2,
20260107_173549,2026-01-07T18:00:00.278,1767798000.278214,209,DATA,-66,-13,-7,Orta,2,
20260107_173549,2026-01-07T18:00:03.861,1767798003.861139,210,DATA,-65,-32,-16,Orta,2,
20260107_173549,2026-01-07T18:00:07.342,1767798007.342602,211,DATA,-68,-11,-6,Orta,2,
20260107_173549,2026-01-07T18:00:10.825,1767798010.8250508,212,DATA,-67,-10,-5,Orta,2,
20260107_173549,2026-01-07T18:00:14.306,1767798014.306087,213,DATA,-65,-16,-8,Orta,2,
20260107_173549,2026-01-07T18:00:17.890,1767798017.8904,214,DATA,-70,-27,-14,Orta,2,
20260107_173549,2026-01-07T18:00:21.372,1767798021.372735,215,DATA,-70,-12,-6,Orta,2,
20260107_173549,2026-01-07T18:00:24.854,1767798024.854914,216,DATA,-69,-26,-13,Orta,2,
20260107_173549,2026-01-07T18:00:28.339,1767798028.339736,217,DATA,-70,-54,-27,Orta,2,
20260107_173549,2026-01-07T18:00:31.816,1767798031.816255,218,DATA,-70,-11,-6,Orta,2,
20260107_173549,2026-01-07T18:00:34.890,1767798034.8910022,219,DATA,-70,-21,-11,Orta,2,
20260107_173549,2026-01-07T18:00:38.369,1767798038.369942,220,DATA,-69,-11,-6,Orta,2,
20260107_173549,2026-01-07T18:00:41.851,1767798041.851663,221,DATA,-70,-37,-19,Orta,2,
20260107_173549,2026-01-07T18:00:45.323,1767798045.32353,222,DATA,-70,-35,-18,Orta,2,
20260107_173549,2026-01-07T18:00:48.917,1767798048.9176,223,DATA,-69,-11,-6,Orta,2,
20260107_173549,2026-01-07T18:00:53.836,1767798053.8365881,,DISCONNECTED,,,,,,
20260107_173549,2026-01-07T18:00:58.359,1767798058.359977,,CONNECTED,,,,,,4.523424863815308
20260107_173549,2026-01-07T18:00:58.371,1767798058.3710709,224,DATA,-71,-5859,-2930,Zayif,1,
20260107_173549,2026-01-07T18:01:01.410,1767798061.410315,225,DATA,-68,-11,-6,Orta,2,
20260107_173549,2026-01-07T18:01:04.895,1767798064.895146,226,DATA,-57,-19,-10,Iyi,3,
20260107_173549,2026-01-07T18:01:08.373,1767798068.3738399,227,DATA,-55,-59,-30,Iyi,3,
20260107_173549,2026-01-07T18:01:11.855,1767798071.855607,228,DATA,-48,-13,-7,Mukemmel,4,
20260107_173549,2026-01-07T18:01:15.438,1767798075.438924,229,DATA,-50,-14,-7,Mukemmel,4,
20260107_173549,2026-01-07T18:01:18.920,1767798078.920393,230,DATA,-50,-16,-8,Mukemmel,4,
20260107_173549,2026-01-07T18:01:22.404,1767798082.404756,231,DATA,-50,-13,-7,Mukemmel,4,
20260107_173549,2026-01-07T18:01:25.884,1767798085.88428,232,DATA,-51,-10,-5,Iyi,3,
20260107_173549,2026-01-07T18:01:28.956,1767798088.956054,233,DATA,-52,-13,-7,Iyi,3,
20260107_173549,2026-01-07T18:01:32.438,1767798092.438306,234,DATA,-49,-14,-7,Mukemmel,4,
20260107_173549,2026-01-07T18:01:35.920,1767798095.92004,235,DATA,-49,-13,-7,Mukemmel,4,
20260107_173549,2026-01-07T18:01:39.400,1767798099.400865,236,DATA,-50,-13,-7,Mukemmel,4,
20260107_173549,2026-01-07T18:01:42.987,1767798102.9871309,237,DATA,-49,-11,-6,Mukemmel,4,
20260107_173549,2026-01-07T18:01:46.466,1767798106.466592,238,DATA,-50,-10,-5,Mukemmel,4,
20260107_173549,2026-01-07T18:01:49.947,1767798109.9479601,239,DATA,-49,-10,-5,Mukemmel,4,
20260107_173549,2026-01-07T18:01:53.429,1767798113.4290402,240,DATA,-49,-10,-5,Mukemmel,4,
20260107_173549,2026-01-07T18:01:56.501,1767798116.501833,241,DATA,-50,-16,-8,Mukemmel,4,
20260107_173549,2026-01-07T18:01:59.983,1767798119.983986,242,DATA,-48,-10,-5,Mukemmel,4,
20260107_173549,2026-01-07T18:02:03.464,1767798123.4645162,243,DATA,-49,-10,-5,Mukemmel,4,
20260107_173549,2026-01-07T18:02:06.946,1767798126.946822,244,DATA,-50,-11,-6,Mukemmel,4,
20260107_173549,2026-01-07T18:02:10.428,1767798130.4283829,245,DATA,-49,-10,-5,Mukemmel,4,
20260107_173549,2026-01-07T18:02:14.011,1767798134.011675,246,DATA,-48,-11,-6,Mukemmel,4,
20260107_173549,2026-01-07T18:02:17.494,1767798137.494119,247,DATA,-48,-11,-6,Mukemmel,4,
20260107_173549,2026-01-07T18:02:20.463,1767798140.463464,248,DATA,-49,-12,-6,Mukemmel,4,
20260107_173549,2026-01-07T18:02:23.944,1767798143.944792,249,DATA,-48,-11,-6,Mukemmel,4,
20260107_173549,2026-01-07T18:02:27.528,1767798147.5286689,250,DATA,-49,-10,-5,Mukemmel,4,
20260107_173549,2026-01-07T18:02:31.012,1767798151.012641,251,DATA,-52,-15,-8,Iyi,3,
20260107_173549,2026-01-07T18:02:34.495,1767798154.495913,252,DATA,-49,-41,-21,Mukemmel,4,
20260107_173549,2026-01-07T18:02:37.950,1767798157.950057,253,DATA,-48,-11,-6,Mukemmel,4,
20260107_173549,2026-01-07T18:02:41.559,1767798161.559308,254,DATA,-51,-14,-7,Iyi,3,
20260107_173549,2026-01-07T18:02:45.039,1767798165.039032,255,DATA,-49,-10,-5,Mukemmel,4,
20260107_173549,2026-01-07T18:02:48.009,1767798168.009722,256,DATA,-51,-11,-6,Iyi,3,
20260107_173549,2026-01-07T18:02:51.492,1767798171.492081,257,DATA,-51,-12,-6,Iyi,3,
20260107_173549,2026-01-07T18:02:55.074,1767798175.0742028,258,DATA,-51,-13,-7,Iyi,3,
20260107_173549,2026-01-07T18:02:58.557,1767798178.558003,259,DATA,-51,-12,-6,Iyi,3,
20260107_173549,2026-01-07T18:03:02.037,1767798182.0373938,260,DATA,-50,-10,-5,Mukemmel,4,
20260107_173549,2026-01-07T18:03:05.519,1767798185.5197,261,DATA,-50,-10,-5,Mukemmel,4,
20260107_173549,2026-01-07T18:03:09.011,1767798189.011324,262,DATA,-52,-21,-11,Iyi,3,
20260107_173549,2026-01-07T18:03:12.592,1767798192.592299,263,DATA,-51,-9,-5,Iyi,3,
20260107_173549,2026-01-07T18:03:15.554,1767798195.554448,264,DATA,-49,-11,-6,Mukemmel,4,
20260107_173549,2026-01-07T18:03:19.038,1767798199.038283,265,DATA,-52,-12,-6,Iyi,3,
20260107_173549,2026-01-07T18:03:22.518,1767798202.518553,266,DATA,-53,-19,-10,Iyi,3,
20260107_173549,2026-01-07T18:03:26.101,1767798206.1015449,267,DATA,-49,-13,-7,Mukemmel,4,
20260107_173549,2026-01-07T18:03:29.583,1767798209.583474,268,DATA,-47,-11,-6,Mukemmel,4,
20260107_173549,2026-01-07T18:03:33.065,1767798213.0652642,269,DATA,-52,-13,-7,Iyi,3,
20260107_173549,2026-01-07T18:03:36.548,1767798216.5483148,270,DATA,-51,-10,-5,Iyi,3,
20260107_173549,2026-01-07T18:03:40.027,1767798220.0277472,271,DATA,-48,-12,-6,Mukemmel,4,
20260107_173549,2026-01-07T18:03:43.100,1767798223.100445,272,DATA,-51,-10,-5,Iyi,3,
20260107_173549,2026-01-07T18:03:46.581,1767798226.5820081,273,DATA,-50,-11,-6,Mukemmel,4,
20260107_173549,2026-01-07T18:03:50.063,1767798230.0636811,274,DATA,-50,-12,-6,Mukemmel,4,
20260107_173549,2026-01-07T18:03:53.544,1767798233.5447638,275,DATA,-49,-11,-6,Mukemmel,4,
20260107_173549,2026-01-07T18:03:57.138,1767798237.138298,276,DATA,-49,-10,-5,Mukemmel,4,
20260107_173549,2026-01-07T18:04:00.615,1767798240.6153128,277,DATA,-51,-11,-6,Iyi,3,
20260107_173549,2026-01-07T18:04:04.094,1767798244.09485,278,DATA,-50,-18,-9,Mukemmel,4,
20260107_173549,2026-01-07T18:04:07.066,1767798247.0668302,279,DATA,-51,-25,-13,Iyi,3,
20260107_173549,2026-01-07T18:04:10.646,1767798250.646564,280,DATA,-51,-15,-8,Iyi,3,
20260107_173549,2026-01-07T18:04:14.127,1767798254.127739,281,DATA,-50,-11,-6,Mukemmel,4,
20260107_173549,2026-01-07T18:04:17.609,1767798257.6096509,282,DATA,-51,-13,-7,Iyi,3,
20260107_173549,2026-01-07T18:04:21.091,1767798261.0910342,283,DATA,-50,-11,-6,Mukemmel,4,
20260107_173549,2026-01-07T18:04:24.680,1767798264.680896,284,DATA,-51,-11,-6,Iyi,3,
20260107_173549,2026-01-07T18:04:28.158,1767798268.15829,285,DATA,-50,-15,-8,Mukemmel,4,
20260107_173549,2026-01-07T18:04:31.640,1767798271.640037,286,DATA,-49,-11,-6,Mukemmel,4,
20260107_173549,2026-01-07T18:04:34.607,1767798274.6079612,287,DATA,-48,-17,-9,Mukemmel,4,
20260107_173549,2026-01-07T18:04:38.093,1767798278.094012,288,DATA,-49,-13,-7,Mukemmel,4,
20260107_173549,2026-01-07T18:04:41.673,1767798281.6735349,289,DATA,-50,-12,-6,Mukemmel,4,
20260107_173549,2026-01-07T18:04:45.132,1767798285.132633,290,DATA,-49,-13,-7,Mukemmel,4,
20260107_173549,2026-01-07T18:04:48.636,1767798288.636522,291,DATA,-51,-10,-5,Iyi,3,
20260107_173549,2026-01-07T18:04:52.118,1767798292.118141,292,DATA,-49,-11,-6,Mukemmel,4,
20260107_173549,2026-01-07T18:04:55.702,1767798295.702634,293,DATA,-47,-9,-5,Mukemmel,4,
20260107_173549,2026-01-07T18:04:59.184,1767798299.18492,294,DATA,-51,-13,-7,Iyi,3,
20260107_173549,2026-01-07T18:05:02.153,1767798302.153843,295,DATA,-49,-26,-13,Mukemmel,4,
20260107_173549,2026-01-07T18:05:05.638,1767798305.638763,296,DATA,-51,-22,-11,Iyi,3,
20260107_173549,2026-01-07T18:05:09.223,1767798309.2232,297,DATA,-49,-16,-8,Mukemmel,4,
20260107_173549,2026-01-07T18:05:12.700,1767798312.700764,298,DATA,-55,-11,-6,Iyi,3,
20260107_173549,2026-01-07T18:05:16.182,1767798316.182761,299,DATA,-56,-9,-5,Iyi,3,
20260107_173549,2026-01-07T18:05:19.663,1767798319.663979,300,DATA,-41,-11,-6,Mukemmel,4,
20260107_173549,2026-01-07T18:05:23.248,1767798323.248651,301,DATA,-17,-10,-5,Mukemmel,4,
20260107_173549,2026-01-07T18:05:26.219,1767798326.2192278,302,DATA,-16,-11,-6,Mukemmel,4,
20260107_173549,2026-01-07T18:05:29.709,1767798329.7094882,303,DATA,-17,-10,-5,Mukemmel,4,
20260107_173549,2026-01-07T18:05:33.180,1767798333.18001,304,DATA,-13,-12,-6,Mukemmel,4,
20260107_173549,2026-01-07T18:05:36.764,1767798336.764689,305,DATA,-21,-12,-6,Mukemmel,4,
20260107_173549,2026-01-07T18:05:40.248,1767798340.248213,306,DATA,-23,-10,-5,Mukemmel,4,
20260107_173549,2026-01-07T18:05:43.731,1767798343.7314408,307,DATA,-6,-11,-6,Mukemmel,4,
20260107_173549,2026-01-07T18:05:47.209,1767798347.2098,308,DATA,-9,-13,-7,Mukemmel,4,
20260107_173549,2026-01-07T18:05:50.692,1767798350.692568,309,DATA,-8,-10,-5,Mukemmel,4,
20260107_173549,2026-01-07T18:05:53.764,1767798353.764643,310,DATA,-9,-10,-5,Mukemmel,4,
20260107_173549,2026-01-07T18:05:57.246,1767798357.246352,311,DATA,-9,-11,-6,Mukemmel,4,
20260107_173549,2026-01-07T18:06:00.730,1767798360.730434,312,DATA,-9,-15,-8,Mukemmel,4,
20260107_181332,2026-01-07T18:13:35.687,1767798815.6871839,,CONNECTED,,,,,,
20260107_181332,2026-01-07T18:13:35.691,1767798815.691398,1,DATA,-23,-14,-7,Mukemmel,4,
20260107_181332,2026-01-07T18:13:40.601,1767798820.601075,,DISCONNECTED,,,,,,
20260107_181332,2026-01-07T18:13:41.624,1767798821.6248362,,CONNECTED,,,,,,1.0237667560577393
20260107_181332,2026-01-07T18:13:41.627,1767798821.627967,2,DATA,-23,-2597,-1299,Mukemmel,4,
20260107_181332,2026-01-07T18:13:45.111,1767798825.111611,3,DATA,-23,-10,-5,Mukemmel,4,
20260107_181332,2026-01-07T18:13:48.690,1767798828.690109,4,DATA,-24,-9,-5,Mukemmel,4,
20260107_181332,2026-01-07T18:13:52.171,1767798832.1717172,5,DATA,-22,-15,-8,Mukemmel,4,
20260107_181332,2026-01-07T18:13:55.143,1767798835.143189,6,DATA,-22,-10,-5,Mukemmel,4,
20260107_181332,2026-01-07T18:13:58.623,1767798838.623165,7,DATA,-64,-12,-6,Orta,2,
20260107_181332,2026-01-07T18:14:02.206,1767798842.206916,8,DATA,-63,-11,-6,Orta,2,
20260107_181332,2026-01-07T18:14:05.691,1767798845.691529,9,DATA,-63,-9,-5,Orta,2,
20260107_181332,2026-01-07T18:14:09.180,1767798849.180553,10,DATA,-62,-20,-10,Orta,2,
20260107_181332,2026-01-07T18:14:12.660,1767798852.660678,11,DATA,-58,-9,-5,Iyi,3,
20260107_181332,2026-01-07T18:14:16.244,1767798856.244169,12,DATA,-55,-14,-7,Iyi,3,
20260107_181332,2026-01-07T18:14:20.854,1767798860.854937,,DISCONNECTED,,,,,,
20260107_181332,2026-01-07T18:14:22.176,1767798862.176246,,CONNECTED,,,,,,1.3213422298431396
20260107_181332,2026-01-07T18:14:22.186,1767798862.186997,13,DATA,-55,-2918,-1459,Iyi,3,
20260107_181332,2026-01-07T18:14:25.664,1767798865.664515,14,DATA,-55,-10,-5,Iyi,3,
20260107_181332,2026-01-07T18:14:29.249,1767798869.249535,15,DATA,-53,-13,-7,Iyi,3,
20260107_181332,2026-01-07T18:14:32.729,1767798872.729803,16,DATA,-40,-14,-7,Mukemmel,4,
20260107_181332,2026-01-07T18:14:36.210,1767798876.210253,17,DATA,-21,-11,-6,Mukemmel,4,
20260107_181332,2026-01-07T18:14:39.692,1767798879.692136,18,DATA,-23,-13,-7,Mukemmel,4,
20260107_181332,2026-01-07T18:14:42.765,1767798882.7660081,19,DATA,-23,-12,-6,Mukemmel,4,
20260107_181332,2026-01-07T18:14:46.178,1767798886.1783528,20,DATA,-25,-11,-6,Mukemmel,4,
20260107_181332,2026-01-07T18:14:49.726,1767798889.72694,21,DATA,-22,-9,-5,Mukemmel,4,
20260107_181332,2026-01-07T18:14:53.205,1767798893.205313,22,DATA,-24,-10,-5,Mukemmel,4,
20260107_181332,2026-01-07T18:14:56.800,1767798896.800428,23,DATA,-24,-9,-5,Mukemmel,4,
20260107_181332,2026-01-07T18:15:00.271,1767798900.271223,24,DATA,-21,-11,-6,Mukemmel,4,
20260107_181332,2026-01-07T18:15:03.753,1767798903.753129,25,DATA,-22,-10,-5,Mukemmel,4,
20260107_181332,2026-01-07T18:15:06.727,1767798906.727363,26,DATA,-23,-10,-5,Mukemmel,4,
20260107_181332,2026-01-07T18:15:10.306,1767798910.3069701,27,DATA,-22,-10,-5,Mukemmel,4,
20260107_181332,2026-01-07T18:15:13.793,1767798913.7937129,28,DATA,-23,-10,-5,Mukemmel,4,
20260107_181332,2026-01-07T18:15:17.277,1767798917.2770271,29,DATA,-21,-11,-6,Mukemmel,4,
20260107_181332,2026-01-07T18:15:20.755,1767798920.755606,30,DATA,-25,-10,-5,Mukemmel,4,
20260107_181332,2026-01-07T18:15:24.236,1767798924.236872,31,DATA,-24,-26,-13,Mukemmel,4,
20260107_181332,2026-01-07T18:15:27.819,1767798927.819915,32,DATA,-23,-13,-7,Mukemmel,4,
20260107_181332,2026-01-07T18:15:30.791,1767798930.7919738,33,DATA,-25,-11,-6,Mukemmel,4,
20260107_181332,2026-01-07T18:15:34.272,1767798934.2729878,34,DATA,-22,-10,-5,Mukemmel,4,
20260107_181332,2026-01-07T18:15:37.755,1767798937.755261,35,DATA,-24,-10,-5,Mukemmel,4,
20260107_181332,2026-01-07T18:15:41.337,1767798941.337989,36,DATA,-24,-11,-6,Mukemmel,4,
20260107_181332,2026-01-07T18:15:44.824,1767798944.824457,37,DATA,-22,-11,-6,Mukemmel,4,
20260107_181332,2026-01-07T18:15:48.302,1767798948.3023942,38,DATA,-55,-18,-9,Iyi,3,
20260107_181332,2026-01-07T18:15:51.782,1767798951.782706,39,DATA,-55,-18,-9,Iyi,3,
20260107_181332,2026-01-07T18:15:54.830,1767798954.830935,40,DATA,-56,-12,-6,Iyi,3,
20260107_181332,2026-01-07T18:15:58.340,1767798958.3401961,41,DATA,-54,-11,-6,Iyi,3,
20260107_181332,2026-01-07T18:16:01.818,1767798961.8185658,42,DATA,-64,-12,-6,Orta,2,
20260107_181332,2026-01-07T18:16:05.299,1767798965.299906,43,DATA,-58,-38,-19,Iyi,3,
20260107_181332,2026-01-07T18:16:08.780,1767798968.780874,44,DATA,-56,-16,-8,Iyi,3,
20260107_181332,2026-01-07T18:16:12.365,1767798972.365986,45,DATA,-57,-10,-5,Iyi,3,
20260107_181332,2026-01-07T18:16:15.845,1767798975.845268,46,DATA,-59,-12,-6,Iyi,3,
20260107_181332,2026-01-07T18:16:19.329,1767798979.3293571,47,DATA,-67,-13,-7,Orta,2,
20260107_181332,2026-01-07T18:16:22.400,1767798982.400987,48,DATA,-62,-21,-11,Orta,2,
20260107_181332,2026-01-07T18:16:25.883,1767798985.883163,49,DATA,-62,-13,-7,Orta,2,
20260107_181332,2026-01-07T18:16:29.366,1767798989.3665228,50,DATA,-64,-15,-8,Orta,2,
20260107_181332,2026-01-07T18:16:32.845,1767798992.845394,51,DATA,-64,-12,-6,Orta,2,
20260107_181332,2026-01-07T18:16:36.325,1767798996.325485,52,DATA,-62,-10,-5,Orta,2,
20260107_181332,2026-01-07T18:16:39.912,1767798999.912384,53,DATA,-63,-10,-5,Orta,2,
20260107_181332,2026-01-07T18:16:43.320,1767799003.3206599,54,DATA,-17,-19,-10,Mukemmel,4,
20260107_181332,2026-01-07T18:16:46.876,1767799006.876069,55,DATA,-16,-11,-6,Mukemmel,4,
20260107_181332,2026-01-07T18:16:49.842,1767799009.842154,56,DATA,-17,-10,-5,Mukemmel,4,
20260107_181332,2026-01-07T18:16:53.428,1767799013.4284,57,DATA,-16,-10,-5,Mukemmel,4,
20260107_181332,2026-01-07T18:16:56.911,1767799016.9111328,58,DATA,-15,-10,-5,Mukemmel,4,
20260107_181332,2026-01-07T18:17:00.391,1767799020.391844,59,DATA,-16,-13,-7,Mukemmel,4,
20260107_184212,2026-01-07T18:42:15.832,1767800535.8325188,,CONNECTED,,,,,,
20260107_184212,2026-01-07T18:42:15.835,1767800535.835983,1,DATA,-26,-13,-7,Mukemmel,4,
20260107_184212,2026-01-07T18:42:19.330,1767800539.3308601,2,DATA,-25,-12,-6,Mukemmel,4,
20260107_184212,2026-01-07T18:42:22.810,1767800542.8105102,3,DATA,-26,-10,-5,Mukemmel,4,
20260107_184212,2026-01-07T18:42:26.395,1767800546.3950772,4,DATA,-26,-11,-6,Mukemmel,4,
20260107_184212,2026-01-07T18:42:29.876,1767800549.876364,5,DATA,-25,-10,-5,Mukemmel,4,
20260107_184212,2026-01-07T18:42:32.845,1767800552.8458729,6,DATA,-23,-10,-5,Mukemmel,4,
20260107_184212,2026-01-07T18:42:36.328,1767800556.328117,7,DATA,-25,-10,-5,Mukemmel,4,
20260107_184212,2026-01-07T18:42:39.912,1767800559.912409,8,DATA,-24,-10,-5,Mukemmel,4,
20260107_184212,2026-01-07T18:42:43.393,1767800563.39336,9,DATA,-23,-12,-6,Mukemmel,4,
20260107_184212,2026-01-07T18:42:46.840,1767800566.840472,10,DATA,-23,-9,-5,Mukemmel,4,
20260107_184212,2026-01-07T18:42:50.364,1767800570.364712,11,DATA,-25,-11,-6,Mukemmel,4,
20260107_184212,2026-01-07T18:42:53.949,1767800573.949288,12,DATA,-26,-10,-5,Mukemmel,4,
20260107_184212,2026-01-07T18:42:56.916,1767800576.9167428,13,DATA,-25,-10,-5,Mukemmel,4,
20260107_184212,2026-01-07T18:43:00.400,1767800580.400845,14,DATA,-25,-10,-5,Mukemmel,4,
20260107_184212,2026-01-07T18:43:03.882,1767800583.8826828,15,DATA,-25,-10,-5,Mukemmel,4,
20260107_184212,2026-01-07T18:43:07.462,1767800587.462647,16,DATA,-37,-11,-6,Mukemmel,4,
20260107_184212,2026-01-07T18:43:10.946,1767800590.946818,17,DATA,-52,-18,-9,Iyi,3,
20260107_184212,2026-01-07T18:43:14.423,1767800594.423668,18,DATA,-49,-10,-5,Mukemmel,4,
20260107_184212,2026-01-07T18:43:17.910,1767800597.9104571,19,DATA,-51,-10,-5,Iyi,3,
20260107_184212,2026-01-07T18:43:20.982,1767800600.982285,20,DATA,-20,-15,-8,Mukemmel,4,
20260107_184212,2026-01-07T18:43:24.459,1767800604.4592068,21,DATA,-24,-11,-6,Mukemmel,4,
20260107_184212,2026-01-07T18:43:27.946,1767800607.946251,22,DATA,-22,-10,-5,Mukemmel,4,
20260107_184212,2026-01-07T18:43:31.427,1767800611.427378,23,DATA,-23,-10,-5,Mukemmel,4,
20260107_184212,2026-01-07T18:43:34.906,1767800614.9066691,24,DATA,-22,-13,-7,Mukemmel,4,
20260107_184212,2026-01-07T18:43:38.495,1767800618.495043,25,DATA,-24,-10,-5,Mukemmel,4,
20260107_184212,2026-01-07T18:43:41.974,1767800621.974829,26,DATA,-23,-14,-7,Mukemmel,4,
20260107_184212,2026-01-07T18:43:45.464,1767800625.464204,27,DATA,-21,-14,-7,Mukemmel,4,
20260107_184212,2026-01-07T18:43:48.422,1767800628.4224908,28,DATA,-21,-13,-7,Mukemmel,4,
20260107_184212,2026-01-07T18:43:52.003,1767800632.003905,29,DATA,-21,-10,-5,Mukemmel,4,
20260107_184212,2026-01-07T18:43:55.492,1767800635.4922209,30,DATA,-21,-13,-7,Mukemmel,4,
20260107_184212,2026-01-07T18:43:58.973,1767800638.97347,31,DATA,-22,-10,-5,Mukemmel,4,
20260107_184212,2026-01-07T18:44:02.448,1767800642.4487228,32,DATA,-21,-10,-5,Mukemmel,4,
20260107_184212,2026-01-07T18:44:06.037,1767800646.037914,33,DATA,-21,-10,-5,Mukemmel,4,
20260107_184212,2026-01-07T18:44:09.515,1767800649.51507,34,DATA,-21,-10,-5,Mukemmel,4,
20260107_184212,2026-01-07T18:44:12.485,1767800652.4853709,35,DATA,-22,-10,-5,Mukemmel,4,
20260107_184212,2026-01-07T18:44:15.951,1767800655.95166,36,DATA,-23,-13,-7,Mukemmel,4,
20260107_184212,2026-01-07T18:44:19.554,1767800659.554347,37,DATA,-22,-10,-5,Mukemmel,4,
20260107_184212,2026-01-07T18:44:23.031,1767800663.0312479,38,DATA,-21,-10,-5,Mukemmel,4,
20260107_184212,2026-01-07T18:44:26.516,1767800666.516989,39,DATA,-21,-11,-6,Mukemmel,4,
20260107_184212,2026-01-07T18:44:29.997,1767800669.997836,40,DATA,-22,-10,-5,Mukemmel,4,
20260107_184212,2026-01-07T18:44:33.478,1767800673.478776,41,DATA,-22,-12,-6,Mukemmel,4,
20260107_184212,2026-01-07T18:44:36.553,1767800676.553631,42,DATA,-20,-9,-5,Mukemmel,4,
20260107_184212,2026-01-07T18:44:40.032,1767800680.032314,43,DATA,-22,-10,-5,Mukemmel,4,
20260107_184212,2026-01-07T18:44:43.516,1767800683.516916,44,DATA,-22,-10,-5,Mukemmel,4,
20260107_184212,2026-01-07T18:44:46.983,1767800686.983604,45,DATA,-20,-9,-5,Mukemmel,4,
20260107_184212,2026-01-07T18:44:50.580,1767800690.580672,46,DATA,-21,-10,-5,Mukemmel,4,
20260107_184212,2026-01-07T18:44:54.069,1767800694.069081,47,DATA,-45,-12,-6,Mukemmel,4,
20260107_184212,2026-01-07T18:44:58.561,1767800698.561887,,DISCONNECTED,,,,,,
20260107_184212,2026-01-07T18:45:09.006,1767800709.006614,,CONNECTED,,,,,,10.444736003875732
20260107_184212,2026-01-07T18:45:09.013,1767800709.013085,1,DATA,-20,-2766,-1383,Mukemmel,4,
20260107_184212,2026-01-07T18:45:13.513,1767800713.513501,,DISCONNECTED,,,,,,
20260107_184212,2026-01-07T18:45:15.048,1767800715.048434,,CONNECTED,,,,,,1.5349161624908447
20260107_184212,2026-01-07T18:45:15.056,1767800715.0563269,2,DATA,-22,-2567,-1284,Mukemmel,4,
20260107_184212,2026-01-07T18:45:18.534,1767800718.534367,3,DATA,-21,-10,-5,Mukemmel,4,
20260107_184212,2026-01-07T18:45:22.018,1767800722.018948,4,DATA,-19,-10,-5,Mukemmel,4,
20260107_184212,2026-01-07T18:45:25.603,1767800725.60338,5,DATA,-20,-10,-5,Mukemmel,4,
20260107_184212,2026-01-07T18:45:29.084,1767800729.0842829,6,DATA,-21,-11,-6,Mukemmel,4,
20260107_184212,2026-01-07T18:45:32.562,1767800732.562755,7,DATA,-21,-17,-9,Mukemmel,4,
20260107_184212,2026-01-07T18:45:36.049,1767800736.0493498,8,DATA,-24,-17,-9,Mukemmel,4,
20260107_184212,2026-01-07T18:45:39.121,1767800739.121268,9,DATA,-22,-10,-5,Mukemmel,4,
20260107_184212,2026-01-07T18:45:42.597,1767800742.597909,10,DATA,-20,-13,-7,Mukemmel,4,
20260107_184212,2026-01-07T18:45:46.039,1767800746.040006,11,DATA,-21,-13,-7,Mukemmel,4,
20260107_184212,2026-01-07T18:45:49.561,1767800749.561148,12,DATA,-22,-10,-5,Mukemmel,4,
20260107_184212,2026-01-07T18:45:53.148,1767800753.1480541,13,DATA,-21,-11,-6,Mukemmel,4,
20260107_184212,2026-01-07T18:45:56.629,1767800756.629107,14,DATA,-20,-10,-5,Mukemmel,4,
20260107_184212,2026-01-07T18:46:00.107,1767800760.10778,15,DATA,-21,-16,-8,Mukemmel,4,
20260107_184212,2026-01-07T18:46:03.079,1767800763.079044,16,DATA,-66,-28,-14,Orta,2,
20260107_184212,2026-01-07T18:46:06.662,1767800766.662035,17,DATA,-62,-11,-6,Orta,2,
20260107_184212,2026-01-07T18:46:10.141,1767800770.141221,18,DATA,-63,-10,-5,Orta,2,
20260107_184212,2026-01-07T18:46:13.628,1767800773.628285,19,DATA,-65,-36,-18,Orta,2,
20260107_184212,2026-01-07T18:46:17.110,1767800777.110093,20,DATA,-63,-14,-7,Orta,2,
20260107_184212,2026-01-07T18:46:20.595,1767800780.5960052,21,DATA,-65,-11,-6,Orta,2,
20260107_184212,2026-01-07T18:46:24.178,1767800784.178514,22,DATA,-62,-17,-9,Orta,2,
20260107_184212,2026-01-07T18:46:28.981,1767800788.9814012,,DISCONNECTED,,,,,,
20260107_184212,2026-01-07T18:46:30.111,1767800790.1111538,,CONNECTED,,,,,,1.129751205444336
20260107_184212,2026-01-07T18:46:30.117,1767800790.117387,23,DATA,-64,-2758,-1379,Orta,2,
20260107_184212,2026-01-07T18:46:33.700,1767800793.7008681,24,DATA,-75,-10,-5,Zayif,1,
20260107_184212,2026-01-07T18:46:37.176,1767800797.1763258,25,DATA,-62,-9,-5,Orta,2,
20260107_184212,2026-01-07T18:46:40.659,1767800800.659234,26,DATA,-62,-11,-6,Orta,2,
20260107_184212,2026-01-07T18:46:43.629,1767800803.629853,27,DATA,-62,-13,-7,Orta,2,
20260107_184212,2026-01-07T18:46:47.217,1767800807.217323,28,DATA,-63,-15,-8,Orta,2,
20260107_184212,2026-01-07T18:46:50.699,1767800810.699819,29,DATA,-62,-14,-7,Orta,2,
20260107_184212,2026-01-07T18:46:54.180,1767800814.180032,30,DATA,-70,-54,-27,Orta,2,
20260107_184212,2026-01-07T18:46:57.656,1767800817.656769,31,DATA,-72,-9,-5,Zayif,1,
20260107_184212,2026-01-07T18:47:01.142,1767800821.14298,32,DATA,-80,-13,-7,Zayif,1,
20260107_184212,2026-01-07T18:47:04.731,1767800824.731358,33,DATA,-73,-12,-6,Zayif,1,
20260107_184212,2026-01-07T18:47:08.208,1767800828.208952,34,DATA,-82,-12,-6,Cok Zayif,0,
20260107_184212,2026-01-07T18:47:11.687,1767800831.687168,35,DATA,-73,-9,-5,Zayif,1,
20260107_184212,2026-01-07T18:47:14.657,1767800834.657872,36,DATA,-72,-15,-8,Zayif,1,
20260107_184212,2026-01-07T18:47:18.241,1767800838.241052,37,DATA,-72,-11,-6,Zayif,1,
20260107_184212,2026-01-07T18:47:21.724,1767800841.7245288,38,DATA,-73,-9,-5,Zayif,1,
20260107_184212,2026-01-07T18:47:25.202,1767800845.2023811,39,DATA,-71,-10,-5,Zayif,1,
20260107_184212,2026-01-07T18:47:28.689,1767800848.689307,40,DATA,-22,-10,-5,Mukemmel,4,
20260107_184212,2026-01-07T18:47:32.171,1767800852.171047,41,DATA,-26,-10,-5,Mukemmel,4,
20260107_184212,2026-01-07T18:47:35.237,1767800855.237192,42,DATA,-24,-10,-5,Mukemmel,4,
20260107_184212,2026-01-07T18:47:38.718,1767800858.71823,43,DATA,-25,-9,-5,Mukemmel,4,
20260107_184212,2026-01-07T18:47:42.208,1767800862.208503,44,DATA,-25,-10,-5,Mukemmel,4,
20260107_185225,2026-01-07T18:52:26.069,1767801146.069227,,CONNECTED,,,,,,
20260107_185225,2026-01-07T18:52:26.071,1767801146.071947,126,DATA,-25,-10,-5,Mukemmel,4,
20260107_185225,2026-01-07T18:52:27.574,1767801147.574826,127,DATA,-28,-9,-5,Mukemmel,4,
20260107_185225,2026-01-07T18:52:30.660,1767801150.660071,128,DATA,-26,-10,-5,Mukemmel,4,
20260107_185225,2026-01-07T18:52:34.143,1767801154.143583,129,DATA,-25,-13,-7,Mukemmel,4,
20260107_185225,2026-01-07T18:52:37.623,1767801157.62346,130,DATA,-24,-10,-5,Mukemmel,4,
20260107_185225,2026-01-07T18:52:41.105,1767801161.1059399,131,DATA,-23,-10,-5,Mukemmel,4,
20260107_185225,2026-01-07T18:52:44.688,1767801164.688879,132,DATA,-23,-10,-5,Mukemmel,4,
20260107_185225,2026-01-07T18:52:48.170,1767801168.1706,133,DATA,-45,-10,-5,Mukemmel,4,
20260107_185225,2026-01-07T18:52:51.651,1767801171.651965,134,DATA,-59,-12,-6,Iyi,3,
20260107_185225,2026-01-07T18:52:54.631,1767801174.631049,135,DATA,-57,-10,-5,Iyi,3,
20260107_185225,2026-01-07T18:52:58.214,1767801178.214487,136,DATA,-52,-25,-13,Iyi,3,
20260107_185225,2026-01-07T18:53:01.696,1767801181.6969678,137,DATA,-56,-10,-5,Iyi,3,
20260107_185225,2026-01-07T18:53:05.176,1767801185.176618,138,DATA,-53,-10,-5,Iyi,3,
20260107_185225,2026-01-07T18:53:08.656,1767801188.656982,139,DATA,-61,-10,-5,Orta,2,
20260107_185225,2026-01-07T18:53:12.140,1767801192.140094,140,DATA,-60,-15,-8,Iyi,3,
20260107_185225,2026-01-07T18:53:15.723,1767801195.7231581,141,DATA,-55,-11,-6,Iyi,3,
20260107_185225,2026-01-07T18:53:18.693,1767801198.6931741,142,DATA,-31,-11,-6,Mukemmel,4,
20260107_185225,2026-01-07T18:53:22.177,1767801202.177661,143,DATA,-67,-12,-6,Orta,2,
20260107_185225,2026-01-07T18:53:25.656,1767801205.656526,144,DATA,-68,-11,-6,Orta,2,
20260107_185225,2026-01-07T18:53:29.241,1767801209.241166,145,DATA,-63,-11,-6,Orta,2,
20260107_185225,2026-01-07T18:53:32.721,1767801212.721741,146,DATA,-23,-10,-5,Mukemmel,4,
20260107_185225,2026-01-07T18:53:36.204,1767801216.204726,147,DATA,-26,-10,-5,Mukemmel,4,
20260107_185225,2026-01-07T18:53:39.683,1767801219.683991,148,DATA,-29,-14,-7,Mukemmel,4,
20260107_185225,2026-01-07T18:53:42.757,1767801222.757709,149,DATA,-29,-10,-5,Mukemmel,4,
20260107_185225,2026-01-07T18:53:46.239,1767801226.239603,150,DATA,-29,-11,-6,Mukemmel,4,
20260107_185225,2026-01-07T18:53:49.719,1767801229.719607,151,DATA,-26,-11,-6,Mukemmel,4,
20260107_185225,2026-01-07T18:53:53.202,1767801233.2020218,152,DATA,-27,-14,-7,Mukemmel,4,
20260107_185225,2026-01-07T18:53:56.787,1767801236.7871108,153,DATA,-27,-10,-5,Mukemmel,4,
20260107_185225,2026-01-07T18:54:00.266,1767801240.2666152,154,DATA,-26,-10,-5,Mukemmel,4,
20260107_185225,2026-01-07T18:54:03.750,1767801243.7504818,155,DATA,-26,-11,-6,Mukemmel,4,
20260107_185225,2026-01-07T18:54:06.716,1767801246.716266,156,DATA,-25,-12,-6,Mukemmel,4,
20260107_185225,2026-01-07T18:54:10.298,1767801250.298124,157,DATA,-27,-12,-6,Mukemmel,4,
20260107_185225,2026-01-07T18:54:13.788,1767801253.788674,158,DATA,-27,-9,-5,Mukemmel,4,
20260107_185225,2026-01-07T18:54:17.266,1767801257.266666,159,DATA,-26,-10,-5,Mukemmel,4,
20260107_185225,2026-01-07T18:54:20.749,1767801260.7496839,160,DATA,-24,-10,-5,Mukemmel,4,
20260107_185225,2026-01-07T18:54:24.232,1767801264.232037,161,DATA,-27,-10,-5,Mukemmel,4,
20260107_185225,2026-01-07T18:54:27.815,1767801267.815518,162,DATA,-28,-10,-5,Mukemmel,4,
20260107_185225,2026-01-07T18:54:30.783,1767801270.783448,163,DATA,-27,-9,-5,Mukemmel,4,
20260107_185225,2026-01-07T18:54:34.260,1767801274.260272,164,DATA,-28,-10,-5,Mukemmel,4,
20260107_185225,2026-01-07T18:54:37.748,1767801277.748915,165,DATA,-22,-12,-6,Mukemmel,4,
20260107_185225,2026-01-07T18:54:41.327,1767801281.3271601,166,DATA,-49,-19,-10,Mukemmel,4,
20260107_185225,2026-01-07T18:54:44.807,1767801284.8076959,167,DATA,-50,-98,-49,Mukemmel,4,
20260107_185225,2026-01-07T18:54:48.291,1767801288.291301,168,DATA,-51,-13,-7,Iyi,3,
20260107_185225,2026-01-07T18:54:51.773,1767801291.773403,169,DATA,-51,-13,-7,Iyi,3,
20260107_185225,2026-01-07T18:54:55.355,1767801295.355555,170,DATA,-46,-9,-5,Mukemmel,4,
20260107_185225,2026-01-07T18:54:58.838,1767801298.838849,171,DATA,-56,-10,-5,Iyi,3,
20260107_185225,2026-01-07T18:55:01.807,1767801301.807513,172,DATA,-57,-9,-5,Iyi,3,
20260107_185225,2026-01-07T18:55:05.293,1767801305.293947,173,DATA,-57,-10,-5,Iyi,3,
20260107_185225,2026-01-07T18:55:08.877,1767801308.877334,174,DATA,-58,-10,-5,Iyi,3,
20260107_185225,2026-01-07T18:55:13.271,1767801313.271688,,DISCONNECTED,,,,,,
20260107_185225,2026-01-07T18:55:19.825,1767801319.825144,,CONNECTED,,,,,,6.553466081619263
20260107_185225,2026-01-07T18:55:19.834,1767801319.834176,1,DATA,-27,-13,-7,Mukemmel,4,
20260107_185225,2026-01-07T18:55:24.331,1767801324.3312378,,DISCONNECTED,,,,,,
20260107_185225,2026-01-07T18:55:25.867,1767801325.867131,,CONNECTED,,,,,,1.5359270572662354
20260107_185225,2026-01-07T18:55:25.873,1767801325.873284,2,DATA,-27,-2821,-1411,Mukemmel,4,
20260107_185225,2026-01-07T18:55:29.356,1767801329.3569658,3,DATA,-27,-14,-7,Mukemmel,4,
20260107_185225,2026-01-07T18:55:32.836,1767801332.8368819,4,DATA,-29,-10,-5,Mukemmel,4,
20260107_185225,2026-01-07T18:55:36.318,1767801336.3184562,5,DATA,-29,-14,-7,Mukemmel,4,
20260107_185225,2026-01-07T18:55:39.905,1767801339.905791,6,DATA,-28,-19,-10,Mukemmel,4,
20260107_185225,2026-01-07T18:55:43.380,1767801343.3806138,7,DATA,-24,-10,-5,Mukemmel,4,
20260107_185225,2026-01-07T18:55:46.867,1767801346.8679318,8,DATA,-28,-11,-6,Mukemmel,4,
20260107_185225,2026-01-07T18:55:50.348,1767801350.348144,9,DATA,-27,-10,-5,Mukemmel,4,
20260107_185225,2026-01-07T18:55:53.415,1767801353.415742,10,DATA,-27,-10,-5,Mukemmel,4,
20260107_185225,2026-01-07T18:55:56.902,1767801356.9024441,11,DATA,-27,-10,-5,Mukemmel,4,
20260107_185225,2026-01-07T18:56:00.386,1767801360.3865118,12,DATA,-28,-10,-5,Mukemmel,4,
20260107_185225,2026-01-07T18:56:03.861,1767801363.861464,13,DATA,-27,-23,-12,Mukemmel,4,
20260107_185225,2026-01-07T18:56:07.345,1767801367.345609,14,DATA,-29,-10,-5,Mukemmel,4,
20260107_185225,2026-01-07T18:56:10.930,1767801370.93028,15,DATA,-29,-10,-5,Mukemmel,4,
20260107_185225,2026-01-07T18:56:14.409,1767801374.409853,16,DATA,-27,-10,-5,Mukemmel,4,
20260107_185225,2026-01-07T18:56:17.379,1767801377.3794072,17,DATA,-28,-10,-5,Mukemmel,4,
20260107_185225,2026-01-07T18:56:20.863,1767801380.863281,18,DATA,-27,-10,-5,Mukemmel,4,
20260107_185225,2026-01-07T18:56:24.444,1767801384.444719,19,DATA,-28,-12,-6,Mukemmel,4,
20260107_185225,2026-01-07T18:56:27.926,1767801387.92686,20,DATA,-53,-12,-6,Iyi,3,
20260107_185225,2026-01-07T18:56:31.409,1767801391.4091709,21,DATA,-52,-14,-7,Iyi,3,
20260107_185225,2026-01-07T18:56:34.887,1767801394.8879218,22,DATA,-56,-10,-5,Iyi,3,
20260107_185225,2026-01-07T18:56:38.373,1767801398.37318,23,DATA,-55,-9,-5,Iyi,3,
20260107_185225,2026-01-07T18:56:41.443,1767801401.443716,24,DATA,-55,-11,-6,Iyi,3,
20260107_185225,2026-01-07T18:56:44.870,1767801404.870062,25,DATA,-56,-11,-6,Iyi,3,
20260107_185225,2026-01-07T18:56:48.409,1767801408.4099221,26,DATA,-48,-30,-15,Mukemmel,4,
20260107_185225,2026-01-07T18:56:51.899,1767801411.8992262,27,DATA,-49,-10,-5,Mukemmel,4,
20260107_185225,2026-01-07T18:56:55.475,1767801415.4753568,28,DATA,-56,-13,-7,Iyi,3,
20260107_185225,2026-01-07T18:56:58.957,1767801418.957102,29,DATA,-63,-10,-5,Orta,2,
20260107_185225,2026-01-07T18:57:02.438,1767801422.4386392,30,DATA,-62,-10,-5,Orta,2,
20260107_185225,2026-01-07T18:57:05.403,1767801425.403053,31,DATA,-27,-15,-8,Mukemmel,4,
20260107_185225,2026-01-07T18:57:08.986,1767801428.986012,32,DATA,-27,-11,-6,Mukemmel,4,
20260107_185225,2026-01-07T18:57:12.468,1767801432.4685252,33,DATA,-27,-10,-5,Mukemmel,4,
20260107_185225,2026-01-07T18:57:15.956,1767801435.956594,34,DATA,-27,-10,-5,Mukemmel,4,
20260107_185225,2026-01-07T18:57:19.437,1767801439.4373178,35,DATA,-30,-11,-6,Mukemmel,4,
20260107_185225,2026-01-07T18:57:23.015,1767801443.01554,36,DATA,-29,-17,-9,Mukemmel,4,
20260107_185225,2026-01-07T18:57:26.500,1767801446.500751,37,DATA,-29,-15,-8,Mukemmel,4,
20260107_185225,2026-01-07T18:57:29.469,1767801449.4692302,38,DATA,-29,-13,-7,Mukemmel,4,
20260107_185225,2026-01-07T18:57:32.951,1767801452.951643,39,DATA,-27,-10,-5,Mukemmel,4,
20260107_185225,2026-01-07T18:57:36.531,1767801456.531948,40,DATA,-29,-15,-8,Mukemmel,4,
20260107_185225,2026-01-07T18:57:40.020,1767801460.020134,41,DATA,-29,-10,-5,Mukemmel,4,
20260107_185225,2026-01-07T18:57:43.496,1767801463.496245,42,DATA,-29,-10,-5,Mukemmel,4,
20260107_185225,2026-01-07T18:57:46.978,1767801466.978317,43,DATA,-28,-11,-6,Mukemmel,4,
20260107_185225,2026-01-07T18:57:50.464,1767801470.4647338,44,DATA,-32,-12,-6,Mukemmel,4,
20260107_185225,2026-01-07T18:57:53.533,1767801473.53311,45,DATA,-38,-10,-5,Mukemmel,4,
20260107_185225,2026-01-07T18:57:57.017,1767801477.017685,46,DATA,-33,-10,-5,Mukemmel,4,
20260107_185225,2026-01-07T18:58:00.499,1767801480.499251,47,DATA,-34,-11,-6,Mukemmel,4,
20260107_185225,2026-01-07T18:58:03.978,1767801483.978137,48,DATA,-34,-9,-5,Mukemmel,4,
20260107_185225,2026-01-07T18:58:07.560,1767801487.56039,49,DATA,-37,-13,-7,Mukemmel,4,
20260107_185225,2026-01-07T18:58:11.047,1767801491.047765,50,DATA,-35,-16,-8,Mukemmel,4,
20260107_185225,2026-01-07T18:58:14.522,1767801494.522758,51,DATA,-33,-11,-6,Mukemmel,4,
20260107_185225,2026-01-07T18:58:17.493,1767801497.493815,52,DATA,-35,-10,-5,Mukemmel,4,
20260107_185225,2026-01-07T18:58:21.080,1767801501.080898,53,DATA,-33,-10,-5,Mukemmel,4,
20260107_185225,2026-01-07T18:58:24.557,1767801504.557975,54,DATA,-37,-10,-5,Mukemmel,4,
20260107_185225,2026-01-07T18:58:28.042,1767801508.042381,55,DATA,-31,-10,-5,Mukemmel,4,
20260107_185225,2026-01-07T18:58:31.523,1767801511.523427,56,DATA,-30,-11,-6,Mukemmel,4,
20260107_185225,2026-01-07T18:58:35.003,1767801515.0039291,57,DATA,-38,-16,-8,Mukemmel,4,
20260107_185225,2026-01-07T18:58:38.593,1767801518.593057,58,DATA,-38,-14,-7,Mukemmel,4,
20260107_185225,2026-01-07T18:58:42.011,1767801522.011404,59,DATA,-34,-10,-5,Mukemmel,4,
20260107_185225,2026-01-07T18:58:45.011,1767801525.011581,60,DATA,-34,-11,-6,Mukemmel,4,
20260107_185225,2026-01-07T18:58:48.524,1767801528.524405,61,DATA,-32,-9,-5,Mukemmel,4,
20260107_185225,2026-01-07T18:58:52.107,1767801532.107564,62,DATA,-31,-10,-5,Mukemmel,4,
20260107_185225,2026-01-07T18:58:55.526,1767801535.526367,63,DATA,-29,-10,-5,Mukemmel,4,
20260107_185225,2026-01-07T18:58:59.068,1767801539.06877,64,DATA,-29,-10,-5,Mukemmel,4,
20260107_185225,2026-01-07T18:59:02.547,1767801542.547864,65,DATA,-28,-14,-7,Mukemmel,4,
20260107_185225,2026-01-07T18:59:06.136,1767801546.1361148,66,DATA,-30,-10,-5,Mukemmel,4,
20260107_185225,2026-01-07T18:59:09.102,1767801549.1024928,67,DATA,-29,-11,-6,Mukemmel,4,
20260107_185225,2026-01-07T18:59:12.587,1767801552.587622,68,DATA,-30,-10,-5,Mukemmel,4,
20260107_185225,2026-01-07T18:59:16.065,1767801556.065314,69,DATA,-27,-10,-5,Mukemmel,4,
20260107_185225,2026-01-07T18:59:19.650,1767801559.6503181,70,DATA,-28,-10,-5,Mukemmel,4,
20260107_185225,2026-01-07T18:59:23.142,1767801563.1425018,71,DATA,-29,-15,-8,Mukemmel,4,
20260107_185225,2026-01-07T18:59:26.616,1767801566.616572,72,DATA,-31,-10,-5,Mukemmel,4,
20260107_185225,2026-01-07T18:59:30.095,1767801570.0952902,73,DATA,-27,-11,-6,Mukemmel,4,
20260107_185225,2026-01-07T18:59:33.165,1767801573.165896,74,DATA,-27,-9,-5,Mukemmel,4,
20260107_185225,2026-01-07T18:59:36.647,1767801576.647802,75,DATA,-27,-10,-5,Mukemmel,4,
20260107_185225,2026-01-07T18:59:40.136,1767801580.136959,76,DATA,-28,-18,-9,Mukemmel,4,
20260107_185225,2026-01-07T18:59:43.611,1767801583.611861,77,DATA,-29,-13,-7,Mukemmel,4,
20260107_185225,2026-01-07T18:59:47.092,1767801587.092861,78,DATA,-29,-10,-5,Mukemmel,4,
20260107_185225,2026-01-07T18:59:51.595,1767801591.5953789,,DISCONNECTED,,,,,,
20260107_185225,2026-01-07T19:00:12.178,1767801612.178356,,CONNECTED,,,,,,20.582975149154663
20260107_185225,2026-01-07T19:00:12.185,1767801612.185861,80,DATA,-28,-10,-5,Mukemmel,4,
20260107_185225,2026-01-07T19:00:15.668,1767801615.668386,81,DATA,-30,-11,-6,Mukemmel,4,
20260107_185225,2026-01-07T19:00:19.148,1767801619.148857,82,DATA,-28,-10,-5,Mukemmel,4,
20260107_185225,2026-01-07T19:00:22.627,1767801622.627413,83,DATA,-28,-10,-5,Mukemmel,4,
20260107_185225,2026-01-07T19:00:25.699,1767801625.699355,84,DATA,-28,-10,-5,Mukemmel,4,
20260107_185225,2026-01-07T19:00:29.183,1767801629.183676,85,DATA,-31,-10,-5,Mukemmel,4,
20260107_190034,2026-01-07T19:00:36.139,1767801636.139297,,CONNECTED,,,,,,
20260107_190034,2026-01-07T19:00:36.142,1767801636.1420858,87,DATA,-29,-11,-6,Mukemmel,4,
20260107_190034,2026-01-07T19:00:39.724,1767801639.7242198,88,DATA,-35,-10,-5,Mukemmel,4,
20260107_190034,2026-01-07T19:00:43.206,1767801643.206103,89,DATA,-37,-10,-5,Mukemmel,4,
20260107_190034,2026-01-07T19:00:46.687,1767801646.687542,90,DATA,-29,-10,-5,Mukemmel,4,
20260107_190034,2026-01-07T19:00:49.656,1767801649.656909,91,DATA,-37,-10,-5,Mukemmel,4,
20260107_190034,2026-01-07T19:00:53.241,1767801653.241232,92,DATA,-51,-14,-7,Iyi,3,
20260107_190034,2026-01-07T19:00:56.726,1767801656.726354,93,DATA,-54,-35,-18,Iyi,3,
20260107_190034,2026-01-07T19:01:00.204,1767801660.204499,94,DATA,-54,-14,-7,Iyi,3,
20260107_190034,2026-01-07T19:01:03.685,1767801663.685745,95,DATA,-53,-10,-5,Iyi,3,
20260107_190034,2026-01-07T19:01:07.179,1767801667.179626,96,DATA,-53,-18,-9,Iyi,3,
20260107_190034,2026-01-07T19:01:10.759,1767801670.7590451,97,DATA,-61,-14,-7,Orta,2,
20260107_190034,2026-01-07T19:01:14.240,1767801674.2407548,98,DATA,-57,-10,-5,Iyi,3,
20260107_190034,2026-01-07T19:01:17.210,1767801677.210606,99,DATA,-61,-20,-10,Orta,2,
20260107_190034,2026-01-07T19:01:20.691,1767801680.691885,100,DATA,-64,-11,-6,Orta,2,
20260107_190034,2026-01-07T19:01:24.275,1767801684.2755682,101,DATA,-56,-11,-6,Iyi,3,
20260107_190034,2026-01-07T19:01:27.759,1767801687.759677,102,DATA,-61,-13,-7,Orta,2,
20260107_190034,2026-01-07T19:01:31.242,1767801691.242975,103,DATA,-47,-11,-6,Mukemmel,4,
20260107_190034,2026-01-07T19:01:34.720,1767801694.7201579,104,DATA,-62,-14,-7,Orta,2,
20260107_190034,2026-01-07T19:01:38.304,1767801698.304835,105,DATA,-61,-10,-5,Orta,2,
20260107_190034,2026-01-07T19:01:41.269,1767801701.269484,106,DATA,-20,-10,-5,Mukemmel,4,
20260107_190034,2026-01-07T19:01:44.755,1767801704.755351,107,DATA,-19,-10,-5,Mukemmel,4,
20260107_190034,2026-01-07T19:01:48.234,1767801708.234525,108,DATA,-19,-10,-5,Mukemmel,4,
20260107_190034,2026-01-07T19:01:51.818,1767801711.818893,109,DATA,-20,-11,-6,Mukemmel,4,
20260107_190034,2026-01-07T19:01:55.300,1767801715.300593,110,DATA,-19,-11,-6,Mukemmel,4,
20260107_190034,2026-01-07T19:01:58.785,1767801718.785299,111,DATA,-19,-11,-6,Mukemmel,4,
20260107_190034,2026-01-07T19:02:02.266,1767801722.266895,112,DATA,-20,-9,-5,Mukemmel,4,
20260107_190034,2026-01-07T19:02:05.337,1767801725.3374069,113,DATA,-21,-12,-6,Mukemmel,4,
20260107_190034,2026-01-07T19:02:08.825,1767801728.825647,114,DATA,-20,-10,-5,Mukemmel,4,
20260107_190034,2026-01-07T19:02:12.301,1767801732.301055,115,DATA,-20,-10,-5,Mukemmel,4,
20260107_190034,2026-01-07T19:02:15.783,1767801735.783914,116,DATA,-21,-11,-6,Mukemmel,4,
20260107_190034,2026-01-07T19:02:19.263,1767801739.26392,117,DATA,-20,-10,-5,Mukemmel,4,
20260107_190034,2026-01-07T19:02:22.844,1767801742.844287,118,DATA,-20,-16,-8,Mukemmel,4,
20260107_190034,2026-01-07T19:02:26.330,1767801746.330431,119,DATA,-20,-16,-8,Mukemmel,4,
20260107_190034,2026-01-07T19:02:29.296,1767801749.296036,120,DATA,-21,-10,-5,Mukemmel,4,
20260107_190034,2026-01-07T19:02:32.776,1767801752.776404,121,DATA,-21,-10,-5,Mukemmel,4,
20260107_190034,2026-01-07T19:02:36.368,1767801756.368433,122,DATA,-21,-11,-6,Mukemmel,4,
20260107_190034,2026-01-07T19:02:39.847,1767801759.847896,123,DATA,-19,-12,-6,Mukemmel,4,
20260107_190034,2026-01-07T19:02:43.328,1767801763.328474,124,DATA,-21,-11,-6,Mukemmel,4,
20260107_190034,2026-01-07T19:02:46.806,1767801766.806914,125,DATA,-21,-29,-15,Mukemmel,4,
20260107_190034,2026-01-07T19:02:50.397,1767801770.3979578,126,DATA,-20,-9,-5,Mukemmel,4,
20260107_190034,2026-01-07T19:02:53.359,1767801773.359665,127,DATA,-21,-10,-5,Mukemmel,4,
20260107_190034,2026-01-07T19:02:56.846,1767801776.846653,128,DATA,-54,-15,-8,Iyi,3,
20260107_190034,2026-01-07T19:03:00.329,1767801780.329963,129,DATA,-51,-25,-13,Iyi,3,
20260107_190034,2026-01-07T19:03:03.804,1767801783.804443,130,DATA,-52,-12,-6,Iyi,3,
20260107_190034,2026-01-07T19:03:07.388,1767801787.388176,131,DATA,-53,-10,-5,Iyi,3,
20260107_190034,2026-01-07T19:03:10.876,1767801790.876659,132,DATA,-52,-11,-6,Iyi,3,
20260107_190034,2026-01-07T19:03:14.355,1767801794.3553762,133,DATA,-53,-12,-6,Iyi,3,
20260107_190034,2026-01-07T19:03:17.839,1767801797.839838,134,DATA,-57,-12,-6,Iyi,3,
20260107_190034,2026-01-07T19:03:20.909,1767801800.909111,135,DATA,-27,-10,-5,Mukemmel,4,
20260107_190034,2026-01-07T19:03:24.392,1767801804.39295,136,DATA,-27,-12,-6,Mukemmel,4,
20260107_190034,2026-01-07T19:03:27.869,1767801807.869806,137,DATA,-28,-11,-6,Mukemmel,4,
20260107_190034,2026-01-07T19:03:31.352,1767801811.352237,138,DATA,-26,-10,-5,Mukemmel,4,
20260107_190034,2026-01-07T19:03:34.938,1767801814.938459,139,DATA,-30,-11,-6,Mukemmel,4,
20260107_190034,2026-01-07T19:03:38.415,1767801818.4159622,140,DATA,-28,-10,-5,Mukemmel,4,
20260107_190034,2026-01-07T19:03:41.898,1767801821.898201,141,DATA,-29,-10,-5,Mukemmel,4,
20260107_190034,2026-01-07T19:03:44.866,1767801824.866901,142,DATA,-26,-9,-5,Mukemmel,4,
20260107_190034,2026-01-07T19:03:48.358,1767801828.358067,143,DATA,-26,-10,-5,Mukemmel,4,
20260107_190034,2026-01-07T19:03:51.934,1767801831.934996,144,DATA,-26,-14,-7,Mukemmel,4,
20260107_190539,2026-01-07T19:05:40.131,1767801940.131189,,CONNECTED,,,,,,
20260107_190539,2026-01-07T19:05:40.136,1767801940.136516,175,DATA,-26,-15,-8,Mukemmel,4,
20260107_190539,2026-01-07T19:05:41.640,1767801941.640207,176,DATA,-31,-14,-7,Mukemmel,4,
20260107_190539,2026-01-07T19:05:45.289,1767801945.289983,177,DATA,-27,-13,-7,Mukemmel,4,
20260107_190539,2026-01-07T19:05:48.665,1767801948.6658602,178,DATA,-32,-10,-5,Mukemmel,4,
20260107_190539,2026-01-07T19:05:52.251,1767801952.251297,179,DATA,-11,-10,-5,Mukemmel,4,
20260107_190539,2026-01-07T19:05:55.731,1767801955.731028,180,DATA,-12,-10,-5,Mukemmel,4,
20260107_190539,2026-01-07T19:05:59.216,1767801959.216345,181,DATA,-11,-11,-6,Mukemmel,4,
20260107_190539,2026-01-07T19:06:02.182,1767801962.182467,182,DATA,-11,-10,-5,Mukemmel,4,
20260107_190539,2026-01-07T19:06:05.766,1767801965.766639,183,DATA,-11,-10,-5,Mukemmel,4,
20260107_190539,2026-01-07T19:06:09.257,1767801969.257909,184,DATA,-11,-10,-5,Mukemmel,4,
20260107_190539,2026-01-07T19:06:12.734,1767801972.734484,185,DATA,-12,-12,-6,Mukemmel,4,
20260107_190539,2026-01-07T19:06:16.219,1767801976.219647,186,DATA,-10,-10,-5,Mukemmel,4,
20260107_190539,2026-01-07T19:06:19.696,1767801979.69689,187,DATA,-12,-10,-5,Mukemmel,4,
20260107_190539,2026-01-07T19:06:23.285,1767801983.285934,188,DATA,-51,-11,-6,Iyi,3,
20260107_190539,2026-01-07T19:06:26.250,1767801986.250038,189,DATA,-57,-10,-5,Iyi,3,
20260107_190539,2026-01-07T19:06:29.731,1767801989.731669,190,DATA,-53,-10,-5,Iyi,3,
20260107_190539,2026-01-07T19:06:33.217,1767801993.2170181,191,DATA,-50,-10,-5,Mukemmel,4,
20260107_190539,2026-01-07T19:06:36.802,1767801996.802119,192,DATA,-51,-11,-6,Iyi,3,
20260107_190539,2026-01-07T19:06:40.284,1767802000.284339,193,DATA,-50,-10,-5,Mukemmel,4,
20260107_190539,2026-01-07T19:06:43.763,1767802003.7637582,194,DATA,-51,-13,-7,Iyi,3,
20260107_190539,2026-01-07T19:06:47.246,1767802007.246454,195,DATA,-51,-10,-5,Iyi,3,
20260107_190539,2026-01-07T19:06:50.318,1767802010.318327,196,DATA,-49,-10,-5,Mukemmel,4,
20260107_190539,2026-01-07T19:06:53.807,1767802013.807301,197,DATA,-50,-11,-6,Mukemmel,4,
20260107_190539,2026-01-07T19:06:57.282,1767802017.2824771,198,DATA,-50,-10,-5,Mukemmel,4,
20260107_190539,2026-01-07T19:07:00.763,1767802020.7632551,199,DATA,-52,-10,-5,Iyi,3,
20260107_190539,2026-01-07T19:07:05.260,1767802025.2609138,,DISCONNECTED,,,,,,
20260107_190539,2026-01-07T19:07:06.797,1767802026.797296,,CONNECTED,,,,,,1.5363562107086182
20260107_190539,2026-01-07T19:07:06.811,1767802026.811858,200,DATA,-69,-2608,-1304,Orta,2,
20260107_190539,2026-01-07T19:07:11.303,1767802031.303083,,DISCONNECTED,,,,,,
20260107_190539,2026-01-07T19:07:13.248,1767802033.2484999,,CONNECTED,,,,,,1.945396900177002
20260107_190539,2026-01-07T19:07:13.257,1767802033.2579148,201,DATA,-82,-2979,-1490,Cok Zayif,0,
20260107_190539,2026-01-07T19:07:17.344,1767802037.344059,,DISCONNECTED,,,,,,
20260107_190539,2026-01-07T19:07:22.259,1767802042.2595258,,CONNECTED,,,,,,4.915450811386108
20260107_190539,2026-01-07T19:07:22.274,1767802042.274173,202,DATA,-85,-5530,-2765,Cok Zayif,0,
20260107_190539,2026-01-07T19:07:25.852,1767802045.8524768,203,DATA,-59,-10,-5,Iyi,3,
20260107_190539,2026-01-07T19:07:29.333,1767802049.3331132,204,DATA,-62,-10,-5,Orta,2,
20260107_190539,2026-01-07T19:07:32.302,1767802052.302679,205,DATA,-61,-10,-5,Orta,2,
20260107_190539,2026-01-07T19:07:35.784,1767802055.784805,206,DATA,-61,-10,-5,Orta,2,
20260107_190539,2026-01-07T19:07:39.367,1767802059.3678432,207,DATA,-58,-10,-5,Iyi,3,
20260107_190539,2026-01-07T19:07:42.852,1767802062.85267,208,DATA,-24,-10,-5,Mukemmel,4,
20260107_190539,2026-01-07T19:07:46.331,1767802066.331649,209,DATA,-22,-9,-5,Mukemmel,4,
20260107_190539,2026-01-07T19:07:49.807,1767802069.807643,210,DATA,-24,-10,-5,Mukemmel,4,
20260107_190539,2026-01-07T19:07:53.395,1767802073.395314,211,DATA,-23,-10,-5,Mukemmel,4,
20260107_190539,2026-01-07T19:07:56.366,1767802076.3667982,212,DATA,-25,-10,-5,Mukemmel,4,
20260107_190539,2026-01-07T19:07:59.848,1767802079.8481479,213,DATA,-24,-10,-5,Mukemmel,4,
20260107_190539,2026-01-07T19:08:03.328,1767802083.3282409,214,DATA,-24,-10,-5,Mukemmel,4,
20260107_190539,2026-01-07T19:08:06.911,1767802086.9114618,215,DATA,-25,-10,-5,Mukemmel,4,
20260107_190539,2026-01-07T19:08:10.394,1767802090.3947,216,DATA,-25,-16,-8,Mukemmel,4,
20260107_190814,2026-01-07T19:08:17.351,1767802097.3517382,,CONNECTED,,,,,,
20260107_190814,2026-01-07T19:08:17.357,1767802097.357067,218,DATA,-24,-9,-5,Mukemmel,4,
20260107_190814,2026-01-07T19:08:20.422,1767802100.42298,219,DATA,-24,-10,-5,Mukemmel,4,
20260107_190814,2026-01-07T19:08:23.904,1767802103.9042041,220,DATA,-25,-18,-9,Mukemmel,4,
20260107_190814,2026-01-07T19:08:27.386,1767802107.3867059,221,DATA,-11,-10,-5,Mukemmel,4,
20260107_190814,2026-01-07T19:08:30.868,1767802110.868701,222,DATA,-10,-11,-6,Mukemmel,4,
20260107_190814,2026-01-07T19:08:34.349,1767802114.3498838,223,DATA,-10,-10,-5,Mukemmel,4,
20260107_190814,2026-01-07T19:08:37.933,1767802117.933484,224,DATA,-11,-12,-6,Mukemmel,4,
20260107_190814,2026-01-07T19:08:41.414,1767802121.41473,225,DATA,-11,-10,-5,Mukemmel,4,
20260107_190814,2026-01-07T19:08:44.355,1767802124.3560011,226,DATA,-39,-12,-6,Mukemmel,4,
20260107_190814,2026-01-07T19:08:47.869,1767802127.869956,227,DATA,-54,-14,-7,Iyi,3,
20260107_190814,2026-01-07T19:08:51.454,1767802131.4540958,228,DATA,-53,-13,-7,Iyi,3,
20260107_190814,2026-01-07T19:08:54.934,1767802134.934678,229,DATA,-51,-14,-7,Iyi,3,
20260107_190814,2026-01-07T19:08:58.417,1767802138.41753,230,DATA,-51,-10,-5,Iyi,3,
20260107_190814,2026-01-07T19:09:01.903,1767802141.903532,231,DATA,-52,-11,-6,Iyi,3,
20260107_190814,2026-01-07T19:09:05.487,1767802145.4874701,232,DATA,-52,-11,-6,Iyi,3,
20260107_190814,2026-01-07T19:09:08.455,1767802148.455733,233,DATA,-51,-10,-5,Iyi,3,
20260107_190814,2026-01-07T19:09:12.035,1767802152.035551,234,DATA,-62,-10,-5,Orta,2,
20260107_190814,2026-01-07T19:09:15.414,1767802155.414998,235,DATA,-61,-95,-48,Orta,2,
20260107_190814,2026-01-07T19:09:18.998,1767802158.998027,236,DATA,-64,-10,-5,Orta,2,
20260107_190814,2026-01-07T19:09:22.482,1767802162.4822521,237,DATA,-63,-13,-7,Orta,2,
20260107_190814,2026-01-07T19:09:25.966,1767802165.9667041,238,DATA,-63,-10,-5,Orta,2,
20260107_190814,2026-01-07T19:09:29.449,1767802169.449307,239,DATA,-62,-10,-5,Orta,2,
20260107_190814,2026-01-07T19:09:32.920,1767802172.9202838,240,DATA,-62,-19,-10,Orta,2,
20260107_190814,2026-01-07T19:09:36.515,1767802176.515384,241,DATA,-62,-14,-7,Orta,2,
20260107_190814,2026-01-07T19:09:39.484,1767802179.484701,242,DATA,-39,-10,-5,Mukemmel,4,
20260107_190944,2026-01-07T19:09:46.438,1767802186.438814,,CONNECTED,,,,,,
20260107_190944,2026-01-07T19:09:46.441,1767802186.4418812,244,DATA,-24,-10,-5,Mukemmel,4,
20260107_190944,2026-01-07T19:09:50.023,1767802190.0236921,245,DATA,-22,-11,-6,Mukemmel,4,
20260107_190944,2026-01-07T19:09:54.537,1767802194.53741,,DISCONNECTED,,,,,,
20260107_190944,2026-01-07T19:10:16.034,1767802216.034209,,CONNECTED,,,,,,21.49679684638977
20260107_190944,2026-01-07T19:10:16.038,1767802216.0383291,1,DATA,-38,-27,-14,Mukemmel,4,
20260107_190944,2026-01-07T19:10:19.516,1767802219.5162518,2,DATA,-41,-11,-6,Mukemmel,4,
20260107_190944,2026-01-07T19:10:22.995,1767802222.995827,3,DATA,-39,-10,-5,Mukemmel,4,
20260107_190944,2026-01-07T19:10:26.477,1767802226.4776828,4,DATA,-37,-11,-6,Mukemmel,4,
20260107_190944,2026-01-07T19:10:30.061,1767802230.061895,5,DATA,-35,-10,-5,Mukemmel,4,
20260107_190944,2026-01-07T19:10:32.969,1767802232.969853,6,DATA,-38,-12,-6,Mukemmel,4,
20260107_190944,2026-01-07T19:10:36.512,1767802236.5128691,7,DATA,-38,-9,-5,Mukemmel,4,
20260107_190944,2026-01-07T19:10:40.000,1767802240.0005682,8,DATA,-37,-11,-6,Mukemmel,4,
20260107_190944,2026-01-07T19:10:43.581,1767802243.581177,9,DATA,-39,-28,-14,Mukemmel,4,
20260107_191152,2026-01-07T19:11:53.221,1767802313.221757,,CONNECTED,,,,,,
20260107_191152,2026-01-07T19:11:53.227,1767802313.2272,29,DATA,-38,-10,-5,Mukemmel,4,
20260107_191152,2026-01-07T19:11:55.772,1767802315.772701,30,DATA,-38,-12,-6,Mukemmel,4,
20260107_191152,2026-01-07T19:11:59.253,1767802319.2531772,31,DATA,-39,-10,-5,Mukemmel,4,
20260107_191152,2026-01-07T19:12:02.836,1767802322.836695,32,DATA,-38,-11,-6,Mukemmel,4,
20260107_191152,2026-01-07T19:12:05.806,1767802325.806891,33,DATA,-39,-11,-6,Mukemmel,4,
20260107_191152,2026-01-07T19:12:09.288,1767802329.2886028,34,DATA,-39,-10,-5,Mukemmel,4,
20260107_191152,2026-01-07T19:12:12.770,1767802332.770411,35,DATA,-38,-11,-6,Mukemmel,4,
20260107_191152,2026-01-07T19:12:16.456,1767802336.4562938,36,DATA,-38,-11,-6,Mukemmel,4,
20260107_191152,2026-01-07T19:12:19.835,1767802339.835424,37,DATA,-39,-10,-5,Mukemmel,4,
20260107_191152,2026-01-07T19:12:24.451,1767802344.4519098,,DISCONNECTED,,,,,,
20260107_191152,2026-01-07T19:12:35.261,1767802355.2612119,,CONNECTED,,,,,,10.809295892715454
20260107_191152,2026-01-07T19:12:35.272,1767802355.272753,1,DATA,-36,-2763,-1382,Mukemmel,4,
20260107_191152,2026-01-07T19:12:38.783,1767802358.783361,2,DATA,-37,-11,-6,Mukemmel,4,
20260107_191152,2026-01-07T19:12:42.368,1767802362.368068,3,DATA,-35,-10,-5,Mukemmel,4,
20260107_191152,2026-01-07T19:12:45.339,1767802365.339493,4,DATA,-39,-10,-5,Mukemmel,4,
20260107_191152,2026-01-07T19:12:48.820,1767802368.820301,5,DATA,-38,-10,-5,Mukemmel,4,
20260107_191152,2026-01-07T19:12:52.304,1767802372.304954,6,DATA,-39,-10,-5,Mukemmel,4,
20260107_191152,2026-01-07T19:12:55.887,1767802375.88715,7,DATA,-59,-20,-10,Iyi,3,
20260107_191152,2026-01-07T19:12:59.369,1767802379.369934,8,DATA,-65,-36,-18,Orta,2,
20260107_191152,2026-01-07T19:13:02.851,1767802382.851935,9,DATA,-66,-20,-10,Orta,2,
20260107_191152,2026-01-07T19:13:06.332,1767802386.332366,10,DATA,-69,-15,-8,Orta,2,
20260107_191152,2026-01-07T19:13:09.915,1767802389.915987,11,DATA,-68,-25,-13,Orta,2,
20260107_191152,2026-01-07T19:13:13.396,1767802393.3969018,12,DATA,-70,-13,-7,Orta,2,
20260107_191152,2026-01-07T19:13:16.369,1767802396.369969,13,DATA,-70,-9,-5,Orta,2,
20260107_191152,2026-01-07T19:13:19.849,1767802399.849887,14,DATA,-67,-21,-11,Orta,2,
20260107_191152,2026-01-07T19:13:24.348,1767802404.3480809,,DISCONNECTED,,,,,,
20260107_191152,2026-01-07T19:13:26.396,1767802406.396566,,CONNECTED,,,,,,2.048391103744507
20260107_191152,2026-01-07T19:13:26.413,1767802406.4139478,15,DATA,-66,-2769,-1385,Orta,2,
20260107_191152,2026-01-07T19:13:29.886,1767802409.886115,16,DATA,-66,-10,-5,Orta,2,
20260107_191152,2026-01-07T19:13:32.853,1767802412.8535638,17,DATA,-64,-10,-5,Orta,2,
20260107_191152,2026-01-07T19:13:36.436,1767802416.436934,18,DATA,-65,-14,-7,Orta,2,
20260107_191152,2026-01-07T19:13:39.920,1767802419.920485,19,DATA,-65,-11,-6,Orta,2,
20260107_191152,2026-01-07T19:13:43.402,1767802423.402907,20,DATA,-63,-36,-18,Orta,2,
20260107_191152,2026-01-07T19:13:46.881,1767802426.8819652,21,DATA,-63,-23,-12,Orta,2,
20260107_191152,2026-01-07T19:13:50.364,1767802430.364807,22,DATA,-64,-16,-8,Orta,2,
20260107_191152,2026-01-07T19:13:53.948,1767802433.948904,23,DATA,-63,-14,-7,Orta,2,
20260107_191152,2026-01-07T19:13:57.435,1767802437.4353862,24,DATA,-65,-15,-8,Orta,2,
20260107_191152,2026-01-07T19:14:00.400,1767802440.400715,25,DATA,-65,-10,-5,Orta,2,
20260107_191152,2026-01-07T19:14:03.880,1767802443.880286,26,DATA,-63,-11,-6,Orta,2,
20260107_191152,2026-01-07T19:14:07.465,1767802447.465819,27,DATA,-64,-14,-7,Orta,2,
20260107_191152,2026-01-07T19:14:10.947,1767802450.947264,28,DATA,-64,-12,-6,Orta,2,
20260107_191152,2026-01-07T19:14:14.430,1767802454.4304729,29,DATA,-62,-10,-5,Orta,2,
20260107_191152,2026-01-07T19:14:17.909,1767802457.909716,30,DATA,-63,-11,-6,Orta,2,
20260107_191152,2026-01-07T19:14:21.496,1767802461.4961321,31,DATA,-64,-12,-6,Orta,2,
20260107_191152,2026-01-07T19:14:25.482,1767802465.482319,,DISCONNECTED,,,,,,
20260107_191152,2026-01-07T19:14:27.426,1767802467.4269881,,CONNECTED,,,,,,1.9446890354156494
20260107_191152,2026-01-07T19:14:27.432,1767802467.432684,32,DATA,-64,-2987,-1494,Orta,2,
20260107_191152,2026-01-07T19:14:30.912,1767802470.912514,33,DATA,-65,-11,-6,Orta,2,
20260107_191152,2026-01-07T19:14:34.494,1767802474.4948008,34,DATA,-66,-16,-8,Orta,2,
20260107_191152,2026-01-07T19:14:37.976,1767802477.977002,35,DATA,-64,-13,-7,Orta,2,
20260107_191152,2026-01-07T19:14:41.463,1767802481.4635499,36,DATA,-66,-11,-6,Orta,2,
20260107_191152,2026-01-07T19:14:44.917,1767802484.917506,37,DATA,-67,-13,-7,Orta,2,
20260107_191152,2026-01-07T19:14:48.525,1767802488.525245,38,DATA,-66,-17,-9,Orta,2,
20260107_191152,2026-01-07T19:14:51.495,1767802491.495764,39,DATA,-67,-12,-6,Orta,2,
20260107_191152,2026-01-07T19:14:54.974,1767802494.974586,40,DATA,-72,-16,-8,Zayif,1,
20260107_191152,2026-01-07T19:14:58.461,1767802498.461479,41,DATA,-69,-24,-12,Orta,2,
20260107_191152,2026-01-07T19:15:02.040,1767802502.0406342,42,DATA,-72,-22,-11,Zayif,1,
20260107_191152,2026-01-07T19:15:05.527,1767802505.5271559,43,DATA,-69,-39,-20,Orta,2,
20260107_191152,2026-01-07T19:15:09.002,1767802509.0023968,44,DATA,-69,-10,-5,Orta,2,
20260107_191152,2026-01-07T19:15:12.489,1767802512.489957,45,DATA,-70,-34,-17,Orta,2,
20260107_191152,2026-01-07T19:15:15.966,1767802515.966541,46,DATA,-65,-10,-5,Orta,2,
20260107_191152,2026-01-07T19:15:19.551,1767802519.551059,47,DATA,-66,-12,-6,Orta,2,
20260107_191152,2026-01-07T19:15:22.520,1767802522.5205069,48,DATA,-64,-10,-5,Orta,2,
20260107_191152,2026-01-07T19:15:26.513,1767802526.5135832,49,DATA,-63,-34,-17,Orta,2,
20260107_191152,2026-01-07T19:15:29.484,1767802529.48469,50,DATA,-64,-27,-14,Orta,2,
20260107_191152,2026-01-07T19:15:33.070,1767802533.0707982,51,DATA,-64,-11,-6,Orta,2,
20260107_191152,2026-01-07T19:15:36.549,1767802536.549376,52,DATA,-65,-23,-12,Orta,2,
20260107_191152,2026-01-07T19:15:40.030,1767802540.030766,53,DATA,-66,-36,-18,Orta,2,
20260107_191152,2026-01-07T19:15:43.615,1767802543.615181,54,DATA,-65,-22,-11,Orta,2,
20260107_191152,2026-01-07T19:15:47.097,1767802547.097591,55,DATA,-66,-15,-8,Orta,2,
20260107_191152,2026-01-07T19:15:50.591,1767802550.5913012,56,DATA,-66,-21,-11,Orta,2,
20260107_191152,2026-01-07T19:15:53.549,1767802553.549786,57,DATA,-66,-34,-17,Orta,2,
20260107_191152,2026-01-07T19:15:57.131,1767802557.131701,58,DATA,-64,-12,-6,Orta,2,
20260107_191152,2026-01-07T19:16:00.617,1767802560.617547,59,DATA,-64,-19,-10,Orta,2,
20260107_191152,2026-01-07T19:16:04.098,1767802564.0984871,60,DATA,-64,-20,-10,Orta,2,
20260107_191152,2026-01-07T19:16:07.580,1767802567.5801659,61,DATA,-66,-10,-5,Orta,2,
20260107_191152,2026-01-07T19:16:11.059,1767802571.059705,62,DATA,-63,-18,-9,Orta,2,
20260107_191152,2026-01-07T19:16:14.543,1767802574.543801,63,DATA,-64,-10,-5,Orta,2,
20260107_191152,2026-01-07T19:16:17.612,1767802577.6122339,64,DATA,-68,-9,-5,Orta,2,
20260107_191152,2026-01-07T19:16:21.093,1767802581.093301,65,DATA,-71,-13,-7,Zayif,1,
20260107_191152,2026-01-07T19:16:24.548,1767802584.548448,66,DATA,-66,-12,-6,Orta,2,
20260107_191152,2026-01-07T19:16:29.697,1767802589.6974862,,DISCONNECTED,,,,,,
20260107_191152,2026-01-07T19:16:37.065,1767802597.0654762,,CONNECTED,,,,,,7.3679680824279785
20260107_191152,2026-01-07T19:16:37.072,1767802597.0726411,68,DATA,-66,-2447,-1224,Orta,2,
20260107_191152,2026-01-07T19:16:40.653,1767802600.653321,69,DATA,-65,-13,-7,Orta,2,
20260107_191152,2026-01-07T19:16:44.136,1767802604.136719,70,DATA,-65,-14,-7,Orta,2,
20260107_191152,2026-01-07T19:16:47.104,1767802607.10405,71,DATA,-65,-10,-5,Orta,2,
20260107_191152,2026-01-07T19:16:50.584,1767802610.584789,72,DATA,-64,-11,-6,Orta,2,
20260107_191152,2026-01-07T19:16:54.170,1767802614.170604,73,DATA,-67,-14,-7,Orta,2,
20260107_191152,2026-01-07T19:16:57.570,1767802617.570147,74,DATA,-65,-11,-6,Orta,2,
20260107_191152,2026-01-07T19:17:01.135,1767802621.13568,75,DATA,-65,-17,-9,Orta,2,
20260107_191152,2026-01-07T19:17:04.614,1767802624.614228,76,DATA,-68,-13,-7,Orta,2,
20260107_191152,2026-01-07T19:17:08.105,1767802628.105963,77,DATA,-68,-12,-6,Orta,2,
20260107_191152,2026-01-07T19:17:11.679,1767802631.67926,78,DATA,-67,-27,-14,Orta,2,
20260107_191152,2026-01-07T19:17:14.650,1767802634.650499,79,DATA,-67,-74,-37,Orta,2,
20260107_191152,2026-01-07T19:17:18.135,1767802638.135895,80,DATA,-68,-17,-9,Orta,2,
20260107_191152,2026-01-07T19:17:21.618,1767802641.618581,81,DATA,-65,-14,-7,Orta,2,
20260107_191152,2026-01-07T19:17:25.201,1767802645.201395,82,DATA,-63,-13,-7,Orta,2,
20260107_191152,2026-01-07T19:17:28.683,1767802648.683336,83,DATA,-69,-10,-5,Orta,2,
20260107_191152,2026-01-07T19:17:33.701,1767802653.7015119,,DISCONNECTED,,,,,,
20260107_191152,2026-01-07T19:17:34.614,1767802654.614597,,CONNECTED,,,,,,0.9130840301513672
20260107_191152,2026-01-07T19:17:34.620,1767802654.62019,84,DATA,-64,-2322,-1161,Orta,2,
20260107_191152,2026-01-07T19:17:37.688,1767802657.688718,85,DATA,-63,-10,-5,Orta,2,
20260107_191152,2026-01-07T19:17:41.176,1767802661.176756,86,DATA,-64,-64,-32,Orta,2,
20260107_191152,2026-01-07T19:17:44.652,1767802664.652493,87,DATA,-67,-22,-11,Orta,2,
20260107_191152,2026-01-07T19:17:48.134,1767802668.134343,88,DATA,-64,-12,-6,Orta,2,
20260107_191152,2026-01-07T19:17:51.721,1767802671.7211251,89,DATA,-65,-10,-5,Orta,2,
20260107_191152,2026-01-07T19:17:55.203,1767802675.203274,90,DATA,-64,-12,-6,Orta,2,
20260107_192009,2026-01-07T19:20:10.651,1767802810.6515892,,CONNECTED,,,,,,
20260107_192009,2026-01-07T19:20:10.656,1767802810.656466,128,DATA,-69,-9,-5,Orta,2,
20260107_192009,2026-01-07T19:20:12.208,1767802812.208461,129,DATA,-74,-17,-9,Zayif,1,
20260107_192009,2026-01-07T19:20:15.690,1767802815.690241,130,DATA,-65,-11,-6,Orta,2,
20260107_192009,2026-01-07T19:20:19.273,1767802819.273802,131,DATA,-64,-10,-5,Orta,2,
20260107_192009,2026-01-07T19:20:22.244,1767802822.2440388,132,DATA,-64,-9,-5,Orta,2,
20260107_192009,2026-01-07T19:20:25.726,1767802825.726068,133,DATA,-66,-10,-5,Orta,2,
20260107_192009,2026-01-07T19:20:29.207,1767802829.2071009,134,DATA,-65,-9,-5,Orta,2,
20260107_192009,2026-01-07T19:20:32.792,1767802832.7929869,135,DATA,-69,-17,-9,Orta,2,
20260107_192009,2026-01-07T19:20:37.194,1767802837.194106,,DISCONNECTED,,,,,,
20260107_192009,2026-01-07T19:20:39.242,1767802839.2421188,,CONNECTED,,,,,,2.047975778579712
20260107_192009,2026-01-07T19:20:39.245,1767802839.2454479,136,DATA,-66,-32,-16,Orta,2,
20260107_192009,2026-01-07T19:20:42.734,1767802842.734067,137,DATA,-65,-11,-6,Orta,2,
20260107_192009,2026-01-07T19:20:46.210,1767802846.210351,138,DATA,-67,-14,-7,Orta,2,
20260107_192009,2026-01-07T19:20:49.280,1767802849.2806232,139,DATA,-68,-10,-5,Orta,2,
20260107_192009,2026-01-07T19:20:52.761,1767802852.7611861,140,DATA,-69,-10,-5,Orta,2,
20260107_192009,2026-01-07T19:20:56.243,1767802856.2431412,141,DATA,-66,-10,-5,Orta,2,
20260107_192009,2026-01-07T19:20:59.724,1767802859.724982,142,DATA,-68,-10,-5,Orta,2,
20260107_192009,2026-01-07T19:21:03.315,1767802863.3159301,143,DATA,-66,-13,-7,Orta,2,
20260107_192009,2026-01-07T19:21:06.797,1767802866.797269,144,DATA,-65,-10,-5,Orta,2,
20260107_192009,2026-01-07T19:21:10.276,1767802870.2761931,145,DATA,-70,-14,-7,Orta,2,
20260107_192009,2026-01-07T19:21:13.771,1767802873.771039,146,DATA,-65,-19,-10,Orta,2,
20260107_192201,2026-01-07T19:22:02.348,1767802922.34867,,CONNECTED,,,,,,
20260107_192201,2026-01-07T19:22:02.357,1767802922.357161,158,DATA,-69,-14,-7,Orta,2,
20260107_192201,2026-01-07T19:22:03.857,1767802923.857482,159,DATA,-64,-34,-17,Orta,2,
20260107_192201,2026-01-07T19:22:08.433,1767802928.4333298,,DISCONNECTED,,,,,,
20260107_192201,2026-01-07T19:22:09.469,1767802929.469856,,CONNECTED,,,,,,1.0365180969238281
20260107_192201,2026-01-07T19:22:09.475,1767802929.475507,160,DATA,-79,-56,-28,Zayif,1,
20260107_192201,2026-01-07T19:22:10.891,1767802930.89125,161,DATA,-74,-13,-7,Zayif,1,
20260107_192201,2026-01-07T19:22:14.475,1767802934.4759,162,DATA,-78,-28,-14,Zayif,1,
20260107_192201,2026-01-07T19:22:17.455,1767802937.455571,163,DATA,-69,-12,-6,Orta,2,
20260107_192201,2026-01-07T19:22:20.925,1767802940.925645,164,DATA,-68,-9,-5,Orta,2,
20260107_192201,2026-01-07T19:22:24.407,1767802944.407933,165,DATA,-80,-10,-5,Zayif,1,
20260107_192201,2026-01-07T19:22:27.991,1767802947.99172,166,DATA,-76,-12,-6,Zayif,1,
20260107_192201,2026-01-07T19:22:31.485,1767802951.485135,167,DATA,-76,-40,-20,Zayif,1,
20260107_192201,2026-01-07T19:22:34.963,1767802954.963959,168,DATA,-76,-11,-6,Zayif,1,
20260107_192201,2026-01-07T19:22:38.444,1767802958.444488,169,DATA,-75,-18,-9,Zayif,1,
20260107_192201,2026-01-07T19:22:42.429,1767802962.4295459,,DISCONNECTED,,,,,,
20260107_192201,2026-01-07T19:22:44.479,1767802964.479213,,CONNECTED,,,,,,2.049659013748169
20260107_192201,2026-01-07T19:22:44.496,1767802964.49699,170,DATA,-77,-2814,-1407,Zayif,1,
20260107_192201,2026-01-07T19:22:47.968,1767802967.9682329,171,DATA,-73,-17,-9,Zayif,1,
20260107_192201,2026-01-07T19:22:51.448,1767802971.448391,172,DATA,-66,-25,-13,Orta,2,
20260107_192201,2026-01-07T19:22:54.931,1767802974.9318662,173,DATA,-71,-30,-15,Zayif,1,
20260107_192201,2026-01-07T19:22:58.514,1767802978.514596,174,DATA,-69,-12,-6,Orta,2,
20260107_192201,2026-01-07T19:23:01.996,1767802981.9961338,175,DATA,-69,-10,-5,Orta,2,
20260107_192201,2026-01-07T19:23:04.966,1767802984.966912,176,DATA,-65,-11,-6,Orta,2,
20260107_192201,2026-01-07T19:23:08.449,1767802988.449376,177,DATA,-59,-11,-6,Iyi,3,
20260107_192201,2026-01-07T19:23:12.033,1767802992.033818,178,DATA,-50,-24,-12,Mukemmel,4,
20260107_192201,2026-01-07T19:23:15.514,1767802995.514635,179,DATA,-54,-12,-6,Iyi,3,
20260107_192201,2026-01-07T19:23:18.993,1767802998.9936771,180,DATA,-38,-10,-5,Mukemmel,4,
20260107_192201,2026-01-07T19:23:22.476,1767803002.4764411,181,DATA,-30,-13,-7,Mukemmel,4,
20260107_192201,2026-01-07T19:23:26.060,1767803006.060173,182,DATA,-12,-10,-5,Mukemmel,4,
20260107_192201,2026-01-07T19:23:29.025,1767803009.025027,183,DATA,-12,-10,-5,Mukemmel,4,
20260107_192201,2026-01-07T19:23:32.511,1767803012.5110688,184,DATA,-10,-13,-7,Mukemmel,4,
20260107_192201,2026-01-07T19:23:35.997,1767803015.997032,185,DATA,-13,-22,-11,Mukemmel,4,
20260107_192201,2026-01-07T19:23:39.577,1767803019.577118,186,DATA,-12,-10,-5,Mukemmel,4,
20260107_192201,2026-01-07T19:23:43.059,1767803023.059335,187,DATA,-11,-10,-5,Mukemmel,4,
20260107_192201,2026-01-07T19:23:46.539,1767803026.539627,188,DATA,-13,-10,-5,Mukemmel,4,
20260107_192201,2026-01-07T19:23:50.023,1767803030.023663,189,DATA,-11,-9,-5,Mukemmel,4,
20260107_192201,2026-01-07T19:23:53.504,1767803033.5040908,190,DATA,-10,-10,-5,Mukemmel,4,
20260107_192201,2026-01-07T19:23:56.576,1767803036.577,191,DATA,-12,-10,-5,Mukemmel,4,
20260107_192201,2026-01-07T19:24:00.056,1767803040.057002,192,DATA,-12,-10,-5,Mukemmel,4,
20260107_192201,2026-01-07T19:24:03.537,1767803043.53759,193,DATA,-10,-10,-5,Mukemmel,4,
20260107_192201,2026-01-07T19:24:07.020,1767803047.020998,194,DATA,-13,-11,-6,Mukemmel,4,
20260107_192201,2026-01-07T19:24:10.602,1767803050.602894,195,DATA,-13,-13,-7,Mukemmel,4,
20260107_192201,2026-01-07T19:24:14.086,1767803054.086085,196,DATA,-12,-14,-7,Mukemmel,4,
20260107_192201,2026-01-07T19:24:17.564,1767803057.564811,197,DATA,-13,-10,-5,Mukemmel,4,
20260107_192201,2026-01-07T19:24:20.532,1767803060.5321112,198,DATA,-12,-13,-7,Mukemmel,4,
20260107_192201,2026-01-07T19:24:24.116,1767803064.117006,199,DATA,-13,-10,-5,Mukemmel,4,
20260107_192201,2026-01-07T19:24:27.605,1767803067.605122,200,DATA,-13,-12,-6,Mukemmel,4,
20260107_192201,2026-01-07T19:24:31.082,1767803071.082502,201,DATA,-12,-12,-6,Mukemmel,4,
20260107_192201,2026-01-07T19:24:34.564,1767803074.5649228,202,DATA,-10,-9,-5,Mukemmel,4,
20260107_192201,2026-01-07T19:24:38.147,1767803078.147556,203,DATA,-12,-11,-6,Mukemmel,4,
20260107_192201,2026-01-07T19:24:41.630,1767803081.6307929,204,DATA,-13,-10,-5,Mukemmel,4,
20260107_192201,2026-01-07T19:24:44.553,1767803084.553619,205,DATA,-13,-10,-5,Mukemmel,4,
20260107_192201,2026-01-07T19:24:48.084,1767803088.0848892,206,DATA,-12,-10,-5,Mukemmel,4,
20260107_192201,2026-01-07T19:24:51.666,1767803091.666582,207,DATA,-14,-10,-5,Mukemmel,4,
20260107_192201,2026-01-07T19:24:55.149,1767803095.149911,208,DATA,-14,-10,-5,Mukemmel,4,
20260107_192201,2026-01-07T19:24:58.628,1767803098.6284318,209,DATA,-14,-10,-5,Mukemmel,4,
20260107_192201,2026-01-07T19:25:02.111,1767803102.111107,210,DATA,-12,-10,-5,Mukemmel,4,
20260107_192201,2026-01-07T19:25:05.623,1767803105.623557,211,DATA,-12,-11,-6,Mukemmel,4,
20260107_192201,2026-01-07T19:25:08.666,1767803108.666133,212,DATA,-13,-10,-5,Mukemmel,4,
20260107_192201,2026-01-07T19:25:12.148,1767803112.148221,213,DATA,-13,-10,-5,Mukemmel,4,
20260107_192201,2026-01-07T19:25:15.627,1767803115.627669,214,DATA,-13,-10,-5,Mukemmel,4,
20260107_192201,2026-01-07T19:25:19.106,1767803119.106215,215,DATA,-13,-10,-5,Mukemmel,4,
20260107_192201,2026-01-07T19:25:22.694,1767803122.6949031,216,DATA,-12,-10,-5,Mukemmel,4,
20260107_192201,2026-01-07T19:25:26.175,1767803126.175352,217,DATA,-8,-12,-6,Mukemmel,4,
20260107_192201,2026-01-07T19:25:29.654,1767803129.6549718,218,DATA,-12,-10,-5,Mukemmel,4,
20260107_192201,2026-01-07T19:25:32.621,1767803132.621249,219,DATA,-11,-10,-5,Mukemmel,4,
20260107_192201,2026-01-07T19:25:36.207,1767803136.207972,220,DATA,-12,-10,-5,Mukemmel,4,
20260107_192201,2026-01-07T19:25:39.687,1767803139.687181,221,DATA,-12,-11,-6,Mukemmel,4,
20260107_192201,2026-01-07T19:25:43.168,1767803143.1686552,222,DATA,-13,-10,-5,Mukemmel,4,
20260107_192201,2026-01-07T19:25:46.654,1767803146.654772,223,DATA,-14,-13,-7,Mukemmel,4,
20260107_192201,2026-01-07T19:25:50.133,1767803150.133161,224,DATA,-14,-10,-5,Mukemmel,4,
20260107_192201,2026-01-07T19:25:53.716,1767803153.716862,225,DATA,-14,-10,-5,Mukemmel,4,
20260107_192201,2026-01-07T19:25:56.688,1767803156.688152,226,DATA,-12,-10,-5,Mukemmel,4,
20260107_192201,2026-01-07T19:26:00.172,1767803160.172238,227,DATA,-14,-10,-5,Mukemmel,4,
20260107_192201,2026-01-07T19:26:03.652,1767803163.6530108,228,DATA,-14,-10,-5,Mukemmel,4,
20260107_192201,2026-01-07T19:26:07.234,1767803167.234698,229,DATA,-13,-13,-7,Mukemmel,4,
20260107_192201,2026-01-07T19:26:10.716,1767803170.716491,230,DATA,-12,-10,-5,Mukemmel,4,
20260107_192201,2026-01-07T19:26:14.153,1767803174.153388,231,DATA,-13,-13,-7,Mukemmel,4,
20260107_192201,2026-01-07T19:26:17.678,1767803177.678678,232,DATA,-13,-18,-9,Mukemmel,4,
20260107_192201,2026-01-07T19:26:21.269,1767803181.2693079,233,DATA,-11,-11,-6,Mukemmel,4,
20260107_192201,2026-01-07T19:26:24.232,1767803184.2324228,234,DATA,-12,-11,-6,Mukemmel,4,
20260107_192201,2026-01-07T19:26:27.722,1767803187.7220979,235,DATA,-12,-10,-5,Mukemmel,4,
20260107_192201,2026-01-07T19:26:32.224,1767803192.224285,,DISCONNECTED,,,,,,
20260107_192201,2026-01-07T19:26:40.718,1767803200.718673,,CONNECTED,,,,,,8.494433164596558
20260107_192201,2026-01-07T19:26:40.736,1767803200.736108,1,DATA,-13,-2735,-1368,Mukemmel,4,
20260107_192201,2026-01-07T19:26:44.201,1767803204.201428,2,DATA,-13,-14,-7,Mukemmel,4,
20260107_192201,2026-01-07T19:26:47.686,1767803207.686013,3,DATA,-13,-10,-5,Mukemmel,4,
20260107_192201,2026-01-07T19:26:51.271,1767803211.271678,4,DATA,-12,-11,-6,Mukemmel,4,
20260107_192201,2026-01-07T19:26:54.244,1767803214.24436,5,DATA,-12,-10,-5,Mukemmel,4,
20260107_192201,2026-01-07T19:26:57.722,1767803217.7228212,6,DATA,-12,-10,-5,Mukemmel,4,
20260107_192201,2026-01-07T19:27:01.306,1767803221.3063848,7,DATA,-13,-10,-5,Mukemmel,4,
20260107_192201,2026-01-07T19:27:04.784,1767803224.7840278,8,DATA,-14,-10,-5,Mukemmel,4,
20260107_192201,2026-01-07T19:27:08.268,1767803228.2688482,9,DATA,-12,-10,-5,Mukemmel,4,
20260107_192201,2026-01-07T19:27:11.744,1767803231.744682,10,DATA,-13,-10,-5,Mukemmel,4,
20260107_192201,2026-01-07T19:27:15.227,1767803235.227632,11,DATA,-13,-10,-5,Mukemmel,4,
20260107_192201,2026-01-07T19:27:18.299,1767803238.2990239,12,DATA,-12,-9,-5,Mukemmel,4,
20260107_192201,2026-01-07T19:27:21.784,1767803241.7845938,13,DATA,-13,-10,-5,Mukemmel,4,
20260107_192201,2026-01-07T19:27:25.266,1767803245.266282,14,DATA,-12,-10,-5,Mukemmel,4,
20260107_192201,2026-01-07T19:27:28.744,1767803248.744271,15,DATA,-14,-10,-5,Mukemmel,4,
20260107_192201,2026-01-07T19:27:32.328,1767803252.328074,16,DATA,-12,-14,-7,Mukemmel,4,
20260107_192201,2026-01-07T19:27:35.810,1767803255.810268,17,DATA,-10,-20,-10,Mukemmel,4,
20260107_192201,2026-01-07T19:27:39.291,1767803259.2915468,18,DATA,-15,-10,-5,Mukemmel,4,
20260107_192201,2026-01-07T19:27:42.248,1767803262.248372,19,DATA,-14,-13,-7,Mukemmel,4,
20260107_192201,2026-01-07T19:27:45.844,1767803265.8442528,20,DATA,-14,-10,-5,Mukemmel,4,
20260107_192201,2026-01-07T19:27:49.328,1767803269.3286998,21,DATA,-13,-10,-5,Mukemmel,4,
20260107_192201,2026-01-07T19:27:52.813,1767803272.813282,22,DATA,-11,-17,-9,Mukemmel,4,
20260107_192201,2026-01-07T19:27:56.296,1767803276.296109,23,DATA,-13,-22,-11,Mukemmel,4,
20260107_192201,2026-01-07T19:27:59.771,1767803279.7715662,24,DATA,-14,-15,-8,Mukemmel,4,
20260107_192201,2026-01-07T19:28:03.357,1767803283.357881,25,DATA,-14,-10,-5,Mukemmel,4,
20260107_192201,2026-01-07T19:28:06.328,1767803286.328903,26,DATA,-14,-10,-5,Mukemmel,4,
20260107_192201,2026-01-07T19:28:09.808,1767803289.8088372,27,DATA,-14,-9,-5,Mukemmel,4,
20260107_192201,2026-01-07T19:28:13.390,1767803293.390833,28,DATA,-13,-10,-5,Mukemmel,4,
20260107_192819,2026-01-07T19:28:20.295,1767803300.295209,,CONNECTED,,,,,,
20260107_192819,2026-01-07T19:28:20.300,1767803300.300263,30,DATA,-13,-10,-5,Mükemmel,4,
20260107_192819,2026-01-07T19:28:23.832,1767803303.832972,31,DATA,-12,-11,-6,Mükemmel,4,
20260107_192819,2026-01-07T19:28:27.313,1767803307.313931,32,DATA,-14,-10,-5,Mükemmel,4,
20260107_192819,2026-01-07T19:28:30.385,1767803310.385907,33,DATA,-9,-10,-5,Mükemmel,4,
20260107_192819,2026-01-07T19:28:33.868,1767803313.8681998,34,DATA,-12,-11,-6,Mükemmel,4,
20260107_192819,2026-01-07T19:28:37.350,1767803317.350759,35,DATA,-12,-16,-8,Mükemmel,4,
20260107_192819,2026-01-07T19:28:40.830,1767803320.830776,36,DATA,-11,-10,-5,Mükemmel,4,
20260107_192819,2026-01-07T19:28:44.415,1767803324.415158,37,DATA,-14,-10,-5,Mükemmel,4,
20260107_192819,2026-01-07T19:28:47.897,1767803327.8971012,38,DATA,-10,-10,-5,Mükemmel,4,
20260107_192819,2026-01-07T19:28:51.387,1767803331.3876579,39,DATA,-11,-33,-17,Mükemmel,4,
20260107_192819,2026-01-07T19:28:54.871,1767803334.871537,40,DATA,-11,-12,-6,Mükemmel,4,
20260107_192819,2026-01-07T19:28:57.941,1767803337.941391,41,DATA,-12,-12,-6,Mükemmel,4,
20260107_192819,2026-01-07T19:29:01.416,1767803341.416487,42,DATA,-12,-9,-5,Mükemmel,4,
20260107_192819,2026-01-07T19:29:04.897,1767803344.897723,43,DATA,-9,-10,-5,Mükemmel,4,
20260107_192819,2026-01-07T19:29:08.381,1767803348.3813398,44,DATA,-12,-11,-6,Mükemmel,4,
20260107_192819,2026-01-07T19:29:11.964,1767803351.96464,45,DATA,-10,-11,-6,Mükemmel,4,
20260107_192819,2026-01-07T19:29:15.449,1767803355.449087,46,DATA,-13,-10,-5,Mükemmel,4,
20260107_192819,2026-01-07T19:29:18.931,1767803358.931128,47,DATA,-14,-13,-7,Mükemmel,4,
20260107_192819,2026-01-07T19:29:21.899,1767803361.8997009,48,DATA,-12,-12,-6,Mükemmel,4,
20260107_192819,2026-01-07T19:29:25.486,1767803365.486465,49,DATA,-10,-10,-5,Mükemmel,4,
20260107_192819,2026-01-07T19:29:28.966,1767803368.96684,50,DATA,-11,-11,-6,Mükemmel,4,
20260107_192819,2026-01-07T19:29:32.448,1767803372.448193,51,DATA,-14,-11,-6,Mükemmel,4,
20260107_192819,2026-01-07T19:29:35.930,1767803375.930791,52,DATA,-12,-10,-5,Mükemmel,4,
20260107_192819,2026-01-07T19:29:39.411,1767803379.4112298,53,DATA,-10,-11,-6,Mükemmel,4,
20260107_192819,2026-01-07T19:29:42.906,1767803382.906053,54,DATA,-13,-10,-5,Mükemmel,4,
20260107_192819,2026-01-07T19:29:45.962,1767803385.9626749,55,DATA,-14,-19,-10,Mükemmel,4,
20260107_192819,2026-01-07T19:29:49.448,1767803389.448402,56,DATA,-13,-10,-5,Mükemmel,4,
20260107_192819,2026-01-07T19:29:52.925,1767803392.925877,57,DATA,-14,-14,-7,Mükemmel,4,
20260107_192819,2026-01-07T19:29:56.514,1767803396.514225,58,DATA,-13,-11,-6,Mükemmel,4,
20260107_192819,2026-01-07T19:29:59.991,1767803399.991207,59,DATA,-13,-10,-5,Mükemmel,4,
20260107_192819,2026-01-07T19:30:03.480,1767803403.480371,60,DATA,-13,-10,-5,Mükemmel,4,
20260107_192819,2026-01-07T19:30:06.952,1767803406.952939,61,DATA,-14,-10,-5,Mükemmel,4,
20260107_192819,2026-01-07T19:30:10.025,1767803410.025238,62,DATA,-14,-10,-5,Mükemmel,4,
20260107_192819,2026-01-07T19:30:13.506,1767803413.5064251,63,DATA,-12,-11,-6,Mükemmel,4,
20260107_192819,2026-01-07T19:30:16.992,1767803416.992417,64,DATA,-13,-10,-5,Mükemmel,4,
20260107_192819,2026-01-07T19:30:20.469,1767803420.469895,65,DATA,-13,-10,-5,Mükemmel,4,
20260107_192819,2026-01-07T19:30:24.055,1767803424.055816,66,DATA,-14,-11,-6,Mükemmel,4,
20260107_193157,2026-01-07T19:31:58.555,1767803518.555425,,CONNECTED,,,,,,
20260107_193157,2026-01-07T19:31:58.560,1767803518.560769,93,DATA,-11,-19,-10,Mükemmel,4,
20260107_193157,2026-01-07T19:32:00.065,1767803520.065326,94,DATA,-12,-11,-6,Mükemmel,4,
20260107_193157,2026-01-07T19:32:03.583,1767803523.583688,95,DATA,-14,-12,-6,Mükemmel,4,
20260107_193157,2026-01-07T19:32:07.167,1767803527.167945,96,DATA,-14,-9,-5,Mükemmel,4,
20260107_193157,2026-01-07T19:32:11.784,1767803531.78438,,DISCONNECTED,,,,,,
20260107_193157,2026-01-07T19:32:22.120,1767803542.120186,,CONNECTED,,,,,,10.335794925689697
20260107_193157,2026-01-07T19:32:22.124,1767803542.124299,1,DATA,-12,-2671,-1336,Mükemmel,4,
20260107_193157,2026-01-07T19:32:26.623,1767803546.623919,,DISCONNECTED,,,,,,
20260107_193157,2026-01-07T19:32:28.160,1767803548.1601012,,CONNECTED,,,,,,1.536195993423462
20260107_193157,2026-01-07T19:32:28.162,1767803548.162902,2,DATA,-13,-2579,-1290,Mükemmel,4,
20260107_193157,2026-01-07T19:32:31.641,1767803551.641196,3,DATA,-10,-10,-5,Mükemmel,4,
20260107_193157,2026-01-07T19:32:35.123,1767803555.123093,4,DATA,-12,-14,-7,Mükemmel,4,
20260107_193157,2026-01-07T19:32:38.610,1767803558.610676,5,DATA,-12,-11,-6,Mükemmel,4,
20260107_193157,2026-01-07T19:32:42.199,1767803562.199032,6,DATA,-18,-12,-6,Mükemmel,4,
20260107_193157,2026-01-07T19:32:45.166,1767803565.167008,7,DATA,-14,-10,-5,Mükemmel,4,
20260107_193157,2026-01-07T19:32:48.647,1767803568.6473799,8,DATA,-10,-10,-5,Mükemmel,4,
20260107_193157,2026-01-07T19:32:52.129,1767803572.129916,9,DATA,-13,-11,-6,Mükemmel,4,
20260107_193157,2026-01-07T19:32:55.713,1767803575.71357,10,DATA,-15,-10,-5,Mükemmel,4,
20260107_193157,2026-01-07T19:32:59.194,1767803579.1941571,11,DATA,-14,-14,-7,Mükemmel,4,
20260107_193157,2026-01-07T19:33:02.676,1767803582.677017,12,DATA,-14,-13,-7,Mükemmel,4,
20260107_193157,2026-01-07T19:33:06.160,1767803586.160783,13,DATA,-16,-10,-5,Mükemmel,4,
20260107_193157,2026-01-07T19:33:09.230,1767803589.2309499,14,DATA,-14,-9,-5,Mükemmel,4,
20260107_193157,2026-01-07T19:33:12.712,1767803592.712501,15,DATA,-17,-11,-6,Mükemmel,4,
20260107_193157,2026-01-07T19:33:16.191,1767803596.191054,16,DATA,-15,-10,-5,Mükemmel,4,
20260107_193157,2026-01-07T19:33:19.675,1767803599.6754088,17,DATA,-14,-10,-5,Mükemmel,4,
20260107_193157,2026-01-07T19:33:23.259,1767803603.2590148,18,DATA,-12,-11,-6,Mükemmel,4,
20260107_193157,2026-01-07T19:33:26.741,1767803606.741367,19,DATA,-13,-14,-7,Mükemmel,4,
20260107_193157,2026-01-07T19:33:30.218,1767803610.218273,20,DATA,-15,-10,-5,Mükemmel,4,
20260107_193157,2026-01-07T19:33:33.191,1767803613.19201,21,DATA,-15,-10,-5,Mükemmel,4,
20260107_193157,2026-01-07T19:33:36.775,1767803616.7752278,22,DATA,-15,-10,-5,Mükemmel,4,
20260107_193157,2026-01-07T19:33:40.258,1767803620.2585962,23,DATA,-15,-10,-5,Mükemmel,4,
20260107_193157,2026-01-07T19:33:43.740,1767803623.740174,24,DATA,-11,-10,-5,Mükemmel,4,
20260107_193157,2026-01-07T19:33:47.182,1767803627.182144,25,DATA,-15,-10,-5,Mükemmel,4,
20260107_193157,2026-01-07T19:33:50.698,1767803630.698091,26,DATA,-16,-11,-6,Mükemmel,4,
20260107_193157,2026-01-07T19:33:54.290,1767803634.290089,27,DATA,-13,-10,-5,Mükemmel,4,
20260107_193157,2026-01-07T19:33:57.250,1767803637.250864,28,DATA,-15,-11,-6,Mükemmel,4,
20260107_193157,2026-01-07T19:34:00.732,1767803640.732416,29,DATA,-16,-11,-6,Mükemmel,4,
20260107_193157,2026-01-07T19:34:04.218,1767803644.218722,30,DATA,-15,-13,-7,Mükemmel,4,
20260107_193157,2026-01-07T19:34:07.797,1767803647.797759,31,DATA,-16,-10,-5,Mükemmel,4,
20260107_193157,2026-01-07T19:34:11.282,1767803651.282471,32,DATA,-14,-10,-5,Mükemmel,4,
20260107_193157,2026-01-07T19:34:14.763,1767803654.763937,33,DATA,-15,-10,-5,Mükemmel,4,
20260107_193157,2026-01-07T19:34:18.247,1767803658.2477372,34,DATA,-13,-10,-5,Mükemmel,4,
20260107_193157,2026-01-07T19:34:21.317,1767803661.317625,35,DATA,-14,-15,-8,Mükemmel,4,
20260107_193157,2026-01-07T19:34:24.799,1767803664.799062,36,DATA,-15,-10,-5,Mükemmel,4,
20260107_193157,2026-01-07T19:34:28.279,1767803668.2794502,37,DATA,-15,-9,-5,Mükemmel,4,
20260107_193157,2026-01-07T19:34:31.765,1767803671.765088,38,DATA,-16,-9,-5,Mükemmel,4,
20260107_193157,2026-01-07T19:34:35.244,1767803675.244181,39,DATA,-16,-11,-6,Mükemmel,4,
20260107_193157,2026-01-07T19:34:38.826,1767803678.826763,40,DATA,-15,-10,-5,Mükemmel,4,
20260107_193157,2026-01-07T19:34:42.311,1767803682.3111749,41,DATA,-14,-11,-6,Mükemmel,4,
20260107_193157,2026-01-07T19:34:45.789,1767803685.7890382,42,DATA,-16,-11,-6,Mükemmel,4,
20260107_193157,2026-01-07T19:34:48.758,1767803688.758828,43,DATA,-16,-14,-7,Mükemmel,4,
20260107_193157,2026-01-07T19:34:52.346,1767803692.346739,44,DATA,-14,-10,-5,Mükemmel,4,
20260107_193157,2026-01-07T19:34:55.824,1767803695.8241978,45,DATA,-15,-15,-8,Mükemmel,4,
20260107_193157,2026-01-07T19:34:59.311,1767803699.311894,46,DATA,-16,-10,-5,Mükemmel,4,
20260107_193157,2026-01-07T19:35:02.792,1767803702.792376,47,DATA,-15,-12,-6,Mükemmel,4,
20260107_193157,2026-01-07T19:35:06.376,1767803706.376311,48,DATA,-16,-10,-5,Mükemmel,4,
20260107_193157,2026-01-07T19:35:09.853,1767803709.853442,49,DATA,-16,-10,-5,Mükemmel,4,
20260107_193157,2026-01-07T19:35:12.825,1767803712.825857,50,DATA,-14,-12,-6,Mükemmel,4,
20260107_193157,2026-01-07T19:35:16.314,1767803716.314176,51,DATA,-16,-10,-5,Mükemmel,4,
20260107_193157,2026-01-07T19:35:19.890,1767803719.890552,52,DATA,-14,-10,-5,Mükemmel,4,
20260107_193157,2026-01-07T19:35:23.376,1767803723.376707,53,DATA,-14,-10,-5,Mükemmel,4,
20260107_193157,2026-01-07T19:35:26.856,1767803726.856919,54,DATA,-15,-10,-5,Mükemmel,4,
20260107_193157,2026-01-07T19:35:30.338,1767803730.338611,55,DATA,-14,-11,-6,Mükemmel,4,
20260107_193157,2026-01-07T19:35:33.815,1767803733.8150861,56,DATA,-15,-10,-5,Mükemmel,4,
20260107_193157,2026-01-07T19:35:36.892,1767803736.8923972,57,DATA,-15,-10,-5,Mükemmel,4,
20260107_193157,2026-01-07T19:35:40.373,1767803740.3738592,58,DATA,-15,-10,-5,Mükemmel,4,
20260107_193157,2026-01-07T19:35:43.855,1767803743.8559291,59,DATA,-16,-10,-5,Mükemmel,4,
20260107_193157,2026-01-07T19:35:47.336,1767803747.3363168,60,DATA,-15,-10,-5,Mükemmel,4,
20260107_193157,2026-01-07T19:35:50.921,1767803750.921303,61,DATA,-15,-10,-5,Mükemmel,4,
20260107_193157,2026-01-07T19:35:54.404,1767803754.404161,62,DATA,-14,-10,-5,Mükemmel,4,
20260107_193157,2026-01-07T19:35:57.884,1767803757.8846312,63,DATA,-14,-10,-5,Mükemmel,4,
20260107_193157,2026-01-07T19:36:00.848,1767803760.8483598,64,DATA,-15,-10,-5,Mükemmel,4,
20260107_193157,2026-01-07T19:36:04.436,1767803764.4362922,65,DATA,-16,-11,-6,Mükemmel,4,
20260107_193157,2026-01-07T19:36:07.919,1767803767.9195101,66,DATA,-15,-10,-5,Mükemmel,4,
20260107_193157,2026-01-07T19:36:11.400,1767803771.400772,67,DATA,-15,-10,-5,Mükemmel,4,
20260107_193157,2026-01-07T19:36:14.882,1767803774.882647,68,DATA,-15,-10,-5,Mükemmel,4,
20260107_193157,2026-01-07T19:36:18.465,1767803778.4654028,69,DATA,-16,-10,-5,Mükemmel,4,
20260107_193157,2026-01-07T19:36:21.948,1767803781.948782,70,DATA,-16,-10,-5,Mükemmel,4,
20260107_193157,2026-01-07T19:36:24.911,1767803784.911817,71,DATA,-15,-10,-5,Mükemmel,4,
20260107_193157,2026-01-07T19:36:28.393,1767803788.393781,72,DATA,-16,-10,-5,Mükemmel,4,
20260107_193157,2026-01-07T19:36:31.984,1767803791.984171,73,DATA,-17,-10,-5,Mükemmel,4,
20260107_193157,2026-01-07T19:36:35.461,1767803795.4615722,74,DATA,-15,-10,-5,Mükemmel,4,
20260107_193157,2026-01-07T19:36:38.941,1767803798.9412181,75,DATA,-13,-10,-5,Mükemmel,4,
20260107_193157,2026-01-07T19:36:42.427,1767803802.427548,76,DATA,-15,-10,-5,Mükemmel,4,
20260107_193157,2026-01-07T19:36:45.906,1767803805.906058,77,DATA,-15,-10,-5,Mükemmel,4,
20260107_193157,2026-01-07T19:36:48.982,1767803808.982555,78,DATA,-13,-10,-5,Mükemmel,4,
20260107_193157,2026-01-07T19:36:52.459,1767803812.4594612,79,DATA,-16,-10,-5,Mükemmel,4,
20260107_193157,2026-01-07T19:36:55.945,1767803815.945285,80,DATA,-16,-12,-6,Mükemmel,4,
20260107_193157,2026-01-07T19:36:59.426,1767803819.426384,81,DATA,-12,-10,-5,Mükemmel,4,
20260107_193157,2026-01-07T19:37:03.004,1767803823.0046642,82,DATA,-15,-11,-6,Mükemmel,4,
20260107_193157,2026-01-07T19:37:06.486,1767803826.486902,83,DATA,-14,-10,-5,Mükemmel,4,
20260107_193157,2026-01-07T19:37:09.975,1767803829.975185,84,DATA,-14,-10,-5,Mükemmel,4,
20260107_193157,2026-01-07T19:37:13.455,1767803833.455171,85,DATA,-16,-10,-5,Mükemmel,4,
20260107_193157,2026-01-07T19:37:16.525,1767803836.525814,86,DATA,-16,-14,-7,Mükemmel,4,
20260107_193157,2026-01-07T19:37:20.009,1767803840.0097642,87,DATA,-16,-9,-5,Mükemmel,4,
20260107_193157,2026-01-07T19:37:23.489,1767803843.4894478,88,DATA,-16,-10,-5,Mükemmel,4,
20260107_193157,2026-01-07T19:37:26.968,1767803846.9681962,89,DATA,-16,-10,-5,Mükemmel,4,
20260107_193157,2026-01-07T19:37:30.454,1767803850.454083,90,DATA,-15,-10,-5,Mükemmel,4,
20260107_193157,2026-01-07T19:37:34.038,1767803854.038669,91,DATA,-14,-12,-6,Mükemmel,4,
20260107_193157,2026-01-07T19:37:37.519,1767803857.5196512,92,DATA,-15,-10,-5,Mükemmel,4,
20260107_193157,2026-01-07T19:37:40.483,1767803860.483644,93,DATA,-15,-14,-7,Mükemmel,4,
20260107_193157,2026-01-07T19:37:43.971,1767803863.971306,94,DATA,-15,-10,-5,Mükemmel,4,
20260107_193157,2026-01-07T19:37:47.554,1767803867.554316,95,DATA,-16,-10,-5,Mükemmel,4,
20260107_193157,2026-01-07T19:37:51.037,1767803871.03774,96,DATA,-17,-10,-5,Mükemmel,4,
20260107_193157,2026-01-07T19:37:54.517,1767803874.5177732,97,DATA,-16,-10,-5,Mükemmel,4,
20260107_193157,2026-01-07T19:37:58.001,1767803878.001496,98,DATA,-16,-10,-5,Mükemmel,4,
20260107_193157,2026-01-07T19:38:01.583,1767803881.583346,99,DATA,-14,-9,-5,Mükemmel,4,
20260107_193157,2026-01-07T19:38:04.549,1767803884.549597,100,DATA,-14,-9,-5,Mükemmel,4,
20260107_193157,2026-01-07T19:38:09.562,1767803889.562504,,DISCONNECTED,,,,,,
20260107_193157,2026-01-07T19:38:29.531,1767803909.5314748,,CONNECTED,,,,,,19.9689679145813
20260107_193157,2026-01-07T19:38:29.545,1767803909.5450728,102,DATA,-15,-10,-5,Mükemmel,4,
20260107_193157,2026-01-07T19:38:33.020,1767803913.02052,103,DATA,-16,-10,-5,Mükemmel,4,
20260107_193157,2026-01-07T19:38:36.600,1767803916.6004832,104,DATA,-15,-11,-6,Mükemmel,4,
20260107_193157,2026-01-07T19:38:40.086,1767803920.0861351,105,DATA,-16,-10,-5,Mükemmel,4,
20260107_193157,2026-01-07T19:38:43.568,1767803923.56814,106,DATA,-16,-10,-5,Mükemmel,4,
20260107_193157,2026-01-07T19:38:47.016,1767803927.016633,107,DATA,-14,-10,-5,Mükemmel,4,
20260107_193157,2026-01-07T19:38:50.525,1767803930.525692,108,DATA,-15,-11,-6,Mükemmel,4,
20260107_193157,2026-01-07T19:38:53.601,1767803933.601465,109,DATA,-15,-11,-6,Mükemmel,4,
20260107_193157,2026-01-07T19:38:57.082,1767803937.082776,110,DATA,-15,-10,-5,Mükemmel,4,
20260107_193157,2026-01-07T19:39:00.560,1767803940.561003,111,DATA,-16,-11,-6,Mükemmel,4,
20260107_193157,2026-01-07T19:39:04.044,1767803944.0440478,112,DATA,-14,-10,-5,Mükemmel,4,
20260107_193157,2026-01-07T19:39:07.630,1767803947.630561,113,DATA,-15,-10,-5,Mükemmel,4,
20260107_193157,2026-01-07T19:39:11.108,1767803951.108341,114,DATA,-14,-10,-5,Mükemmel,4,
20260107_193157,2026-01-07T19:39:14.595,1767803954.5953631,115,DATA,-15,-10,-5,Mükemmel,4,
20260107_193157,2026-01-07T19:39:17.565,1767803957.565032,116,DATA,-15,-10,-5,Mükemmel,4,
20260107_193157,2026-01-07T19:39:21.143,1767803961.1438909,117,DATA,-15,-10,-5,Mükemmel,4,
20260107_193157,2026-01-07T19:39:24.630,1767803964.63025,118,DATA,-15,-11,-6,Mükemmel,4,
20260107_193157,2026-01-07T19:39:28.110,1767803968.110826,119,DATA,-15,-10,-5,Mükemmel,4,
20260107_193157,2026-01-07T19:39:31.589,1767803971.5897548,120,DATA,-15,-10,-5,Mükemmel,4,
20260107_193157,2026-01-07T19:39:35.075,1767803975.0758772,121,DATA,-14,-10,-5,Mükemmel,4,
20260107_193157,2026-01-07T19:39:38.658,1767803978.6589482,122,DATA,-15,-9,-5,Mükemmel,4,
20260107_193157,2026-01-07T19:39:41.624,1767803981.624842,123,DATA,-15,-10,-5,Mükemmel,4,
20260107_193157,2026-01-07T19:39:45.105,1767803985.105047,124,DATA,-15,-10,-5,Mükemmel,4,
20260107_193157,2026-01-07T19:39:48.694,1767803988.694261,125,DATA,-15,-10,-5,Mükemmel,4,
20260107_193157,2026-01-07T19:39:52.174,1767803992.174885,126,DATA,-16,-10,-5,Mükemmel,4,
20260107_193157,2026-01-07T19:39:55.652,1767803995.6523001,127,DATA,-15,-11,-6,Mükemmel,4,
20260107_193157,2026-01-07T19:39:59.134,1767803999.1347442,128,DATA,-15,-11,-6,Mükemmel,4,
20260107_193157,2026-01-07T19:40:02.618,1767804002.618598,129,DATA,-17,-10,-5,Mükemmel,4,
20260107_193157,2026-01-07T19:40:06.199,1767804006.1997042,130,DATA,-15,-10,-5,Mükemmel,4,
20260107_193157,2026-01-07T19:40:09.169,1767804009.169528,131,DATA,-16,-10,-5,Mükemmel,4,
20260107_193157,2026-01-07T19:40:12.653,1767804012.653364,132,DATA,-14,-10,-5,Mükemmel,4,
20260107_193157,2026-01-07T19:40:16.138,1767804016.138263,133,DATA,-16,-10,-5,Mükemmel,4,
20260107_193157,2026-01-07T19:40:19.716,1767804019.716455,134,DATA,-16,-12,-6,Mükemmel,4,
20260107_193157,2026-01-07T19:40:23.200,1767804023.2002828,135,DATA,-17,-11,-6,Mükemmel,4,
20260107_193157,2026-01-07T19:40:26.685,1767804026.685448,136,DATA,-15,-10,-5,Mükemmel,4,
20260107_193157,2026-01-07T19:40:30.165,1767804030.165239,137,DATA,-16,-10,-5,Mükemmel,4,
20260107_193157,2026-01-07T19:40:33.237,1767804033.237024,138,DATA,-15,-10,-5,Mükemmel,4,
20260107_193157,2026-01-07T19:40:36.720,1767804036.720459,139,DATA,-15,-10,-5,Mükemmel,4,
20260107_193157,2026-01-07T19:40:40.202,1767804040.202879,140,DATA,-15,-9,-5,Mükemmel,4,
20260107_193157,2026-01-07T19:40:43.685,1767804043.68572,141,DATA,-15,-12,-6,Mükemmel,4,
20260107_193157,2026-01-07T19:40:47.161,1767804047.1615381,142,DATA,-15,-10,-5,Mükemmel,4,
20260107_193157,2026-01-07T19:40:50.744,1767804050.744479,143,DATA,-16,-10,-5,Mükemmel,4,
20260107_193157,2026-01-07T19:40:54.227,1767804054.227979,144,DATA,-15,-10,-5,Mükemmel,4,
20260107_193157,2026-01-07T19:40:57.199,1767804057.1992059,145,DATA,-15,-10,-5,Mükemmel,4,
20260107_193157,2026-01-07T19:41:00.681,1767804060.6819909,146,DATA,-16,-10,-5,Mükemmel,4,
20260107_193157,2026-01-07T19:41:04.265,1767804064.265072,147,DATA,-16,-10,-5,Mükemmel,4,
20260107_193157,2026-01-07T19:41:07.747,1767804067.747705,148,DATA,-16,-10,-5,Mükemmel,4,
20260107_193157,2026-01-07T19:41:11.230,1767804071.230399,149,DATA,-16,-10,-5,Mükemmel,4,
20260107_193157,2026-01-07T19:41:14.710,1767804074.7108228,150,DATA,-15,-11,-6,Mükemmel,4,
20260107_193157,2026-01-07T19:41:18.300,1767804078.300228,151,DATA,-16,-10,-5,Mükemmel,4,
20260107_193157,2026-01-07T19:41:21.263,1767804081.263215,152,DATA,-16,-10,-5,Mükemmel,4,
20260107_193157,2026-01-07T19:41:24.741,1767804084.741994,153,DATA,-15,-10,-5,Mükemmel,4,
20260107_193157,2026-01-07T19:41:28.222,1767804088.2223969,154,DATA,-16,-10,-5,Mükemmel,4,
20260107_193157,2026-01-07T19:41:31.812,1767804091.812726,155,DATA,-15,-10,-5,Mükemmel,4,
20260107_193157,2026-01-07T19:41:35.289,1767804095.289237,156,DATA,-15,-11,-6,Mükemmel,4,
20260107_193157,2026-01-07T19:41:38.771,1767804098.7718441,157,DATA,-16,-10,-5,Mükemmel,4,
20260107_193157,2026-01-07T19:41:42.224,1767804102.224016,158,DATA,-14,-12,-6,Mükemmel,4,
20260107_193157,2026-01-07T19:41:45.326,1767804105.3265128,159,DATA,-16,-10,-5,Mükemmel,4,
20260107_193157,2026-01-07T19:41:48.804,1767804108.804971,160,DATA,-15,-10,-5,Mükemmel,4,
20260107_193157,2026-01-07T19:41:52.292,1767804112.292205,161,DATA,-16,-10,-5,Mükemmel,4,
20260107_193157,2026-01-07T19:41:55.769,1767804115.7690601,162,DATA,-15,-9,-5,Mükemmel,4,
20260107_193157,2026-01-07T19:41:59.249,1767804119.2497191,163,DATA,-16,-10,-5,Mükemmel,4,
20260107_193157,2026-01-07T19:42:02.833,1767804122.83333,164,DATA,-17,-10,-5,Mükemmel,4,
20260107_193157,2026-01-07T19:42:06.318,1767804126.318969,165,DATA,-15,-10,-5,Mükemmel,4,
20260107_193157,2026-01-07T19:42:09.285,1767804129.285821,166,DATA,-15,-10,-5,Mükemmel,4,
20260107_193157,2026-01-07T19:42:12.768,1767804132.7688398,167,DATA,-15,-10,-5,Mükemmel,4,
20260107_193157,2026-01-07T19:42:16.354,1767804136.354881,168,DATA,-14,-10,-5,Mükemmel,4,
20260107_193157,2026-01-07T19:42:19.941,1767804139.941674,169,DATA,-15,-13,-7,Mükemmel,4,
20260107_193157,2026-01-07T19:42:23.320,1767804143.320256,170,DATA,-15,-11,-6,Mükemmel,4,
20260107_193157,2026-01-07T19:42:26.800,1767804146.800822,171,DATA,-14,-11,-6,Mükemmel,4,
20260107_193157,2026-01-07T19:42:30.384,1767804150.384743,172,DATA,-14,-10,-5,Mükemmel,4,
20260107_193157,2026-01-07T19:42:33.373,1767804153.373358,173,DATA,-15,-11,-6,Mükemmel,4,
20260107_193157,2026-01-07T19:42:36.836,1767804156.836065,174,DATA,-15,-10,-5,Mükemmel,4,
20260107_193157,2026-01-07T19:42:40.316,1767804160.316663,175,DATA,-15,-10,-5,Mükemmel,4,
20260107_193157,2026-01-07T19:42:43.898,1767804163.898829,176,DATA,-14,-10,-5,Mükemmel,4,
20260107_193157,2026-01-07T19:42:47.382,1767804167.38255,177,DATA,-14,-11,-6,Mükemmel,4,
20260107_193157,2026-01-07T19:42:50.860,1767804170.8608158,178,DATA,-14,-9,-5,Mükemmel,4,
20260107_193157,2026-01-07T19:42:54.343,1767804174.3436642,179,DATA,-15,-10,-5,Mükemmel,4,
20260107_193157,2026-01-07T19:42:57.828,1767804177.828663,180,DATA,-15,-10,-5,Mükemmel,4,
20260107_193157,2026-01-07T19:43:00.896,1767804180.896117,181,DATA,-16,-10,-5,Mükemmel,4,
20260107_193157,2026-01-07T19:43:04.376,1767804184.3763871,182,DATA,-15,-10,-5,Mükemmel,4,
20260107_193157,2026-01-07T19:43:07.863,1767804187.863379,183,DATA,-15,-9,-5,Mükemmel,4,
20260107_193157,2026-01-07T19:43:11.339,1767804191.339658,184,DATA,-14,-11,-6,Mükemmel,4,
20260107_193157,2026-01-07T19:43:14.928,1767804194.928732,185,DATA,-15,-11,-6,Mükemmel,4,
20260107_193157,2026-01-07T19:43:18.404,1767804198.404938,186,DATA,-15,-10,-5,Mükemmel,4,
20260107_193157,2026-01-07T19:43:21.892,1767804201.892737,187,DATA,-12,-9,-5,Mükemmel,4,
20260107_193157,2026-01-07T19:43:24.860,1767804204.860699,188,DATA,-15,-10,-5,Mükemmel,4,
20260107_193157,2026-01-07T19:43:28.445,1767804208.445653,189,DATA,-15,-10,-5,Mükemmel,4,
20260107_193157,2026-01-07T19:43:31.927,1767804211.927867,190,DATA,-15,-11,-6,Mükemmel,4,
20260107_193157,2026-01-07T19:43:35.408,1767804215.408502,191,DATA,-14,-10,-5,Mükemmel,4,
20260107_193157,2026-01-07T19:43:38.885,1767804218.8853838,192,DATA,-15,-11,-6,Mükemmel,4,
20260107_193157,2026-01-07T19:43:42.370,1767804222.3707688,193,DATA,-15,-10,-5,Mükemmel,4,
20260107_193157,2026-01-07T19:43:45.953,1767804225.953634,194,DATA,-15,-10,-5,Mükemmel,4,
20260107_193157,2026-01-07T19:43:48.920,1767804228.920663,195,DATA,-16,-10,-5,Mükemmel,4,
20260107_193157,2026-01-07T19:43:52.407,1767804232.407669,196,DATA,-16,-10,-5,Mükemmel,4,
20260107_193157,2026-01-07T19:43:55.883,1767804235.883571,197,DATA,-15,-12,-6,Mükemmel,4,
20260107_193157,2026-01-07T19:43:59.469,1767804239.469226,198,DATA,-15,-10,-5,Mükemmel,4,
20260107_193157,2026-01-07T19:44:02.957,1767804242.9571478,199,DATA,-15,-10,-5,Mükemmel,4,
20260107_193157,2026-01-07T19:44:06.437,1767804246.437182,200,DATA,-15,-10,-5,Mükemmel,4,
20260107_193157,2026-01-07T19:44:09.918,1767804249.918737,201,DATA,-16,-11,-6,Mükemmel,4,
20260107_193157,2026-01-07T19:44:12.990,1767804252.990486,202,DATA,-15,-10,-5,Mükemmel,4,
20260107_193157,2026-01-07T19:44:16.473,1767804256.4731572,203,DATA,-14,-10,-5,Mükemmel,4,
20260107_193157,2026-01-07T19:44:19.954,1767804259.954171,204,DATA,-17,-10,-5,Mükemmel,4,
20260107_193157,2026-01-07T19:44:23.433,1767804263.433512,205,DATA,-14,-10,-5,Mükemmel,4,
20260107_193157,2026-01-07T19:44:27.018,1767804267.018218,206,DATA,-15,-10,-5,Mükemmel,4,
20260107_193157,2026-01-07T19:44:30.500,1767804270.5006368,207,DATA,-16,-10,-5,Mükemmel,4,
20260107_193157,2026-01-07T19:44:33.980,1767804273.980962,208,DATA,-13,-10,-5,Mükemmel,4,
20260107_193157,2026-01-07T19:44:36.951,1767804276.95169,209,DATA,-16,-10,-5,Mükemmel,4,
20260107_193157,2026-01-07T19:44:40.536,1767804280.536246,210,DATA,-16,-10,-5,Mükemmel,4,
20260107_193157,2026-01-07T19:44:44.015,1767804284.015737,211,DATA,-17,-11,-6,Mükemmel,4,
20260107_193157,2026-01-07T19:44:47.497,1767804287.497329,212,DATA,-14,-10,-5,Mükemmel,4,
20260107_193157,2026-01-07T19:44:50.975,1767804290.9755142,213,DATA,-17,-10,-5,Mükemmel,4,
20260107_193157,2026-01-07T19:44:54.461,1767804294.461864,214,DATA,-15,-10,-5,Mükemmel,4,
20260107_193157,2026-01-07T19:44:58.046,1767804298.046517,215,DATA,-14,-10,-5,Mükemmel,4,
20260107_193157,2026-01-07T19:45:01.010,1767804301.010496,216,DATA,-14,-10,-5,Mükemmel,4,
20260107_193157,2026-01-07T19:45:04.497,1767804304.49744,217,DATA,-16,-10,-5,Mükemmel,4,
20260107_193157,2026-01-07T19:45:07.979,1767804307.97975,218,DATA,-15,-10,-5,Mükemmel,4,
20260107_193157,2026-01-07T19:45:11.562,1767804311.562248,219,DATA,-14,-10,-5,Mükemmel,4,
20260107_193157,2026-01-07T19:45:15.046,1767804315.046431,220,DATA,-15,-10,-5,Mükemmel,4,
20260107_193157,2026-01-07T19:45:18.528,1767804318.528137,221,DATA,-13,-10,-5,Mükemmel,4,
20260107_193157,2026-01-07T19:45:22.007,1767804322.007688,222,DATA,-16,-12,-6,Mükemmel,4,
20260107_193157,2026-01-07T19:45:25.079,1767804325.079453,223,DATA,-16,-10,-5,Mükemmel,4,
20260107_193157,2026-01-07T19:45:28.561,1767804328.561703,224,DATA,-14,-12,-6,Mükemmel,4,
20260107_193157,2026-01-07T19:45:32.043,1767804332.043304,225,DATA,-17,-10,-5,Mükemmel,4,
20260107_193157,2026-01-07T19:45:35.526,1767804335.526755,226,DATA,-16,-10,-5,Mükemmel,4,
20260107_193157,2026-01-07T19:45:39.005,1767804339.0051682,227,DATA,-16,-10,-5,Mükemmel,4,
20260107_193157,2026-01-07T19:45:42.587,1767804342.587992,228,DATA,-15,-10,-5,Mükemmel,4,
20260107_193157,2026-01-07T19:45:46.066,1767804346.066445,229,DATA,-17,-12,-6,Mükemmel,4,
20260107_193157,2026-01-07T19:45:49.037,1767804349.0378711,230,DATA,-16,-10,-5,Mükemmel,4,
20260107_193157,2026-01-07T19:45:52.523,1767804352.523419,231,DATA,-15,-11,-6,Mükemmel,4,
20260107_193157,2026-01-07T19:45:56.102,1767804356.1023731,232,DATA,-15,-11,-6,Mükemmel,4,
20260107_193157,2026-01-07T19:45:59.588,1767804359.5888672,233,DATA,-15,-10,-5,Mükemmel,4,
20260107_193157,2026-01-07T19:46:03.072,1767804363.0727081,234,DATA,-14,-10,-5,Mükemmel,4,
20260107_193157,2026-01-07T19:46:06.552,1767804366.552035,235,DATA,-13,-11,-6,Mükemmel,4,
20260107_193157,2026-01-07T19:46:10.136,1767804370.1367161,236,DATA,-14,-10,-5,Mükemmel,4,
20260107_193157,2026-01-07T19:46:13.616,1767804373.616359,237,DATA,-15,-10,-5,Mükemmel,4,
20260107_193157,2026-01-07T19:46:16.590,1767804376.59009,238,DATA,-14,-11,-6,Mükemmel,4,
20260107_193157,2026-01-07T19:46:20.069,1767804380.069675,239,DATA,-16,-11,-6,Mükemmel,4,
20260107_193157,2026-01-07T19:46:23.654,1767804383.654617,240,DATA,-15,-11,-6,Mükemmel,4,
20260107_193157,2026-01-07T19:46:27.135,1767804387.135081,241,DATA,-16,-9,-5,Mükemmel,4,
20260107_193157,2026-01-07T19:46:30.614,1767804390.614671,242,DATA,-16,-10,-5,Mükemmel,4,
20260107_193157,2026-01-07T19:46:34.096,1767804394.0965471,243,DATA,-16,-10,-5,Mükemmel,4,
20260107_193157,2026-01-07T19:46:37.583,1767804397.5836139,244,DATA,-16,-13,-7,Mükemmel,4,
20260107_193157,2026-01-07T19:46:40.649,1767804400.649249,245,DATA,-15,-13,-7,Mükemmel,4,
20260107_193157,2026-01-07T19:46:44.134,1767804404.134045,246,DATA,-16,-12,-6,Mükemmel,4,
20260107_193157,2026-01-07T19:46:47.583,1767804407.5839932,247,DATA,-16,-10,-5,Mükemmel,4,
20260107_193157,2026-01-07T19:46:51.094,1767804411.094068,248,DATA,-16,-9,-5,Mükemmel,4,
20260107_193157,2026-01-07T19:46:54.782,1767804414.7829492,249,DATA,-16,-9,-5,Mükemmel,4,
20260107_193157,2026-01-07T19:46:58.161,1767804418.16142,250,DATA,-14,-10,-5,Mükemmel,4,
20260107_193157,2026-01-07T19:47:01.746,1767804421.746548,251,DATA,-15,-10,-5,Mükemmel,4,
20260107_193157,2026-01-07T19:47:04.614,1767804424.614849,252,DATA,-15,-10,-5,Mükemmel,4,
20260107_193157,2026-01-07T19:47:08.197,1767804428.197715,253,DATA,-14,-10,-5,Mükemmel,4,
20260107_193157,2026-01-07T19:47:11.679,1767804431.6792262,254,DATA,-16,-13,-7,Mükemmel,4,
20260107_193157,2026-01-07T19:47:15.159,1767804435.1593,255,DATA,-15,-12,-6,Mükemmel,4,
20260107_193157,2026-01-07T19:47:18.640,1767804438.640963,256,DATA,-15,-12,-6,Mükemmel,4,
20260107_193157,2026-01-07T19:47:22.225,1767804442.2251961,257,DATA,-16,-11,-6,Mükemmel,4,
20260107_193157,2026-01-07T19:47:25.708,1767804445.708784,258,DATA,-15,-13,-7,Mükemmel,4,
20260107_193157,2026-01-07T19:47:28.675,1767804448.675034,259,DATA,-16,-11,-6,Mükemmel,4,
20260107_193157,2026-01-07T19:47:32.156,1767804452.156877,260,DATA,-17,-11,-6,Mükemmel,4,
20260107_193157,2026-01-07T19:47:35.742,1767804455.742614,261,DATA,-15,-10,-5,Mükemmel,4,
20260108_122916,2026-01-08T12:29:16.990,1767864556.9905012,,CONNECTED,,,,,,
20260108_122916,2026-01-08T12:29:16.995,1767864556.995734,17,DATA,-27,-9,-5,Mukemmel,4,
20260108_122916,2026-01-08T12:29:20.034,1767864560.034622,18,DATA,-26,-10,-5,Mukemmel,4,
20260108_123418,2026-01-08T12:34:41.733,1767864881.7333262,,CONNECTED,,,,,,
20260108_123418,2026-01-08T12:34:41.738,1767864881.738583,111,DATA,-26,-22,-11,Mükemmel,4,
20260108_123418,2026-01-08T12:34:42.806,1767864882.806265,112,DATA,-26,-16,-8,Mükemmel,4,
20260108_123418,2026-01-08T12:34:46.286,1767864886.2869,113,DATA,-25,-13,-7,Mükemmel,4,
20260108_123418,2026-01-08T12:34:49.768,1767864889.7682931,114,DATA,-25,-15,-8,Mükemmel,4,
20260108_123418,2026-01-08T12:34:53.352,1767864893.353014,115,DATA,-24,-10,-5,Mükemmel,4,
20260108_123418,2026-01-08T12:34:56.834,1767864896.8342872,116,DATA,-21,-12,-6,Mükemmel,4,
20260108_123418,2026-01-08T12:35:00.317,1767864900.3170218,117,DATA,-51,-11,-6,İyi,3,
20260108_123418,2026-01-08T12:35:03.288,1767864903.2887008,118,DATA,-46,-13,-7,Mükemmel,4,
20260108_123418,2026-01-08T12:35:06.876,1767864906.8760488,119,DATA,-46,-60,-30,Mükemmel,4,
20260108_123418,2026-01-08T12:35:10.351,1767864910.351391,120,DATA,-57,-21,-11,İyi,3,
20260108_123418,2026-01-08T12:35:13.781,1767864913.781929,121,DATA,-60,-16,-8,İyi,3,
20260108_123418,2026-01-08T12:35:17.315,1767864917.31516,122,DATA,-62,-11,-6,Orta,2,
20260108_123418,2026-01-08T12:35:20.789,1767864920.789808,123,DATA,-68,-14,-7,Orta,2,
20260108_123418,2026-01-08T12:35:24.380,1767864924.3805661,124,DATA,-64,-18,-9,Orta,2,
20260108_123418,2026-01-08T12:35:27.862,1767864927.862751,125,DATA,-68,-30,-15,Orta,2,
20260108_123418,2026-01-08T12:35:31.344,1767864931.344613,126,DATA,-68,-50,-25,Orta,2,
20260108_123418,2026-01-08T12:35:34.825,1767864934.82585,127,DATA,-69,-10,-5,Orta,2,
20260108_123418,2026-01-08T12:35:38.416,1767864938.416384,128,DATA,-75,-17,-9,Zayıf,1,
20260108_123418,2026-01-08T12:35:41.386,1767864941.386113,129,DATA,-64,-14,-7,Orta,2,
20260108_123418,2026-01-08T12:35:44.819,1767864944.819066,130,DATA,-64,-12,-6,Orta,2,
20260108_123418,2026-01-08T12:35:48.322,1767864948.322839,131,DATA,-58,-11,-6,İyi,3,
20260108_123418,2026-01-08T12:35:51.827,1767864951.827024,132,DATA,-46,-12,-6,Mükemmel,4,
20260108_123418,2026-01-08T12:35:55.331,1767864955.3310158,133,DATA,-43,-10,-5,Mükemmel,4,
20260108_123418,2026-01-08T12:35:58.835,1767864958.835042,134,DATA,-41,-11,-6,Mükemmel,4,
20260108_123418,2026-01-08T12:36:02.339,1767864962.339489,135,DATA,-39,-10,-5,Mükemmel,4,
20260108_123418,2026-01-08T12:36:05.853,1767864965.853865,136,DATA,-36,-10,-5,Mükemmel,4,
20260108_123418,2026-01-08T12:36:08.925,1767864968.925809,137,DATA,-53,-10,-5,İyi,3,
20260108_123418,2026-01-08T12:36:12.351,1767864972.351568,138,DATA,-51,-10,-5,İyi,3,
20260108_123418,2026-01-08T12:36:15.891,1767864975.891712,139,DATA,-66,-38,-19,Orta,2,
20260108_123418,2026-01-08T12:36:19.370,1767864979.370844,140,DATA,-80,-69,-35,Zayıf,1,
20260108_123418,2026-01-08T12:36:22.863,1767864982.863713,141,DATA,-55,-26,-13,İyi,3,
20260108_123418,2026-01-08T12:36:26.437,1767864986.437857,142,DATA,-67,-85,-43,Orta,2,
20260108_123418,2026-01-08T12:36:29.917,1767864989.917593,143,DATA,-74,-46,-23,Zayıf,1,
20260108_123418,2026-01-08T12:36:33.911,1767864993.911953,,DISCONNECTED,,,,,,
20260108_123418,2026-01-08T12:36:35.961,1767864995.961717,,CONNECTED,,,,,,2.049766778945923
20260108_123418,2026-01-08T12:36:35.969,1767864995.969884,144,DATA,-73,-42,-21,Zayıf,1,
20260108_123418,2026-01-08T12:36:40.963,1767865000.9631062,,DISCONNECTED,,,,,,
20260108_123418,2026-01-08T12:37:09.380,1767865029.3804622,,CONNECTED,,,,,,28.41735076904297
20260108_123418,2026-01-08T12:37:09.386,1767865029.386703,146,DATA,-88,-8625,-4313,Çok Zayıf,0,
20260108_123418,2026-01-08T12:37:12.927,1767865032.92715,147,DATA,-82,-36,-18,Çok Zayıf,0,
20260108_123418,2026-01-08T12:37:17.945,1767865037.945199,,DISCONNECTED,,,,,,
20260108_123418,2026-01-08T12:37:18.968,1767865038.968941,,CONNECTED,,,,,,1.0237460136413574
20260108_123418,2026-01-08T12:37:18.972,1767865038.9720142,148,DATA,-71,-2571,-1286,Zayıf,1,
20260108_123418,2026-01-08T12:37:22.399,1767865042.3998778,149,DATA,-71,-10,-5,Zayıf,1,
20260108_123418,2026-01-08T12:37:25.931,1767865045.931443,150,DATA,-64,-10,-5,Orta,2,
20260108_124100,2026-01-08T12:41:09.097,1767865269.097855,,CONNECTED,,,,,,
20260108_124100,2026-01-08T12:41:09.103,1767865269.103177,214,DATA,-53,-13,-7,İyi,3,
20260108_124100,2026-01-08T12:41:09.681,1767865269.681112,215,DATA,-53,-158,-79,İyi,3,
20260108_124100,2026-01-08T12:41:12.652,1767865272.652235,216,DATA,-52,-10,-5,İyi,3,
20260108_124100,2026-01-08T12:41:16.133,1767865276.133617,217,DATA,-54,-11,-6,İyi,3,
20260108_124100,2026-01-08T12:41:19.715,1767865279.7158642,218,DATA,-53,-53,-27,İyi,3,
20260108_124100,2026-01-08T12:41:23.197,1767865283.197394,219,DATA,-54,-10,-5,İyi,3,
20260108_124100,2026-01-08T12:41:26.627,1767865286.627742,220,DATA,-54,-10,-5,İyi,3,
20260108_124100,2026-01-08T12:41:30.161,1767865290.161042,221,DATA,-52,-12,-6,İyi,3,
20260108_124100,2026-01-08T12:41:33.647,1767865293.647524,222,DATA,-53,-11,-6,İyi,3,
20260108_124100,2026-01-08T12:41:37.199,1767865297.199662,223,DATA,-55,-9,-5,İyi,3,
20260108_124100,2026-01-08T12:41:40.207,1767865300.207283,224,DATA,-51,-19,-10,İyi,3,
20260108_124100,2026-01-08T12:41:43.662,1767865303.662446,225,DATA,-54,-15,-8,İyi,3,
20260108_124100,2026-01-08T12:41:47.163,1767865307.163591,226,DATA,-54,-10,-5,İyi,3,
20260108_124100,2026-01-08T12:41:50.756,1767865310.7563882,227,DATA,-51,-17,-9,İyi,3,
20260108_124100,2026-01-08T12:41:54.173,1767865314.173871,228,DATA,-45,-14,-7,Mükemmel,4,
20260108_124100,2026-01-08T12:41:57.676,1767865317.676337,229,DATA,-66,-90,-45,Orta,2,
20260108_124100,2026-01-08T12:42:01.199,1767865321.199276,230,DATA,-73,-11,-6,Zayıf,1,
20260108_124100,2026-01-08T12:42:04.783,1767865324.7835531,231,DATA,-66,-15,-8,Orta,2,
20260108_124100,2026-01-08T12:42:07.689,1767865327.689795,232,DATA,-66,-16,-8,Orta,2,
20260108_124100,2026-01-08T12:42:11.236,1767865331.2363572,233,DATA,-67,-13,-7,Orta,2,
20260108_124100,2026-01-08T12:42:14.714,1767865334.714188,234,DATA,-62,-10,-5,Orta,2,
20260108_124100,2026-01-08T12:42:18.201,1767865338.201775,235,DATA,-63,-10,-5,Orta,2,
20260108_124100,2026-01-08T12:42:21.704,1767865341.704303,236,DATA,-64,-40,-20,Orta,2,
20260108_124100,2026-01-08T12:42:25.227,1767865345.2279968,237,DATA,-68,-9,-5,Orta,2,
20260108_124100,2026-01-08T12:42:28.746,1767865348.746599,238,DATA,-67,-33,-17,Orta,2,
20260108_124100,2026-01-08T12:42:32.230,1767865352.230146,239,DATA,-72,-19,-10,Zayıf,1,
20260108_124100,2026-01-08T12:42:35.244,1767865355.244737,240,DATA,-67,-13,-7,Orta,2,
20260108_124100,2026-01-08T12:42:40.244,1767865360.2442648,,DISCONNECTED,,,,,,
20260108_124100,2026-01-08T12:42:48.294,1767865368.2947042,,CONNECTED,,,,,,8.050461292266846
20260108_124100,2026-01-08T12:42:48.307,1767865368.307779,1,DATA,-46,-2746,-1373,Mükemmel,4,
20260108_124100,2026-01-08T12:42:53.311,1767865373.311347,,DISCONNECTED,,,,,,
20260108_124100,2026-01-08T12:42:54.236,1767865374.236096,,CONNECTED,,,,,,0.9247450828552246
20260108_124100,2026-01-08T12:42:54.252,1767865374.252563,2,DATA,-45,-2567,-1284,Mükemmel,4,
20260108_124100,2026-01-08T12:42:57.826,1767865377.826991,3,DATA,-46,-10,-5,Mükemmel,4,
20260108_124100,2026-01-08T12:43:01.239,1767865381.239414,4,DATA,-44,-10,-5,Mükemmel,4,
20260108_124100,2026-01-08T12:43:04.282,1767865384.282105,5,DATA,-44,-9,-5,Mükemmel,4,
20260108_124100,2026-01-08T12:43:07.762,1767865387.762658,6,DATA,-45,-9,-5,Mükemmel,4,
20260108_124100,2026-01-08T12:43:11.254,1767865391.254997,7,DATA,-46,-10,-5,Mükemmel,4,
20260108_124100,2026-01-08T12:43:14.837,1767865394.837478,8,DATA,-44,-17,-9,Mükemmel,4,
20260108_124100,2026-01-08T12:43:18.306,1767865398.3063092,9,DATA,-44,-14,-7,Mükemmel,4,
20260108_124100,2026-01-08T12:43:21.793,1767865401.7935,10,DATA,-46,-11,-6,Mükemmel,4,
20260108_124100,2026-01-08T12:43:25.376,1767865405.37658,11,DATA,-44,-10,-5,Mükemmel,4,
20260108_124100,2026-01-08T12:43:28.352,1767865408.352774,12,DATA,-46,-15,-8,Mükemmel,4,
20260108_124100,2026-01-08T12:43:31.827,1767865411.82747,13,DATA,-44,-12,-6,Mükemmel,4,
20260108_124100,2026-01-08T12:43:35.281,1767865415.281201,14,DATA,-48,-11,-6,Mükemmel,4,
20260108_124100,2026-01-08T12:43:38.895,1767865418.895751,15,DATA,-43,-12,-6,Mükemmel,4,
20260108_124605,2026-01-08T12:46:18.977,1767865578.9771159,,CONNECTED,,,,,,
20260108_124605,2026-01-08T12:46:18.982,1767865578.982274,61,DATA,-42,-10,-5,Mükemmel,4,
20260108_124605,2026-01-08T12:46:20.573,1767865580.573227,62,DATA,-43,-10,-5,Mükemmel,4,
20260108_124605,2026-01-08T12:46:23.550,1767865583.5501912,63,DATA,-44,-13,-7,Mükemmel,4,
20260108_124605,2026-01-08T12:46:27.025,1767865587.025301,64,DATA,-44,-10,-5,Mükemmel,4,
20260108_124605,2026-01-08T12:46:30.507,1767865590.507068,65,DATA,-48,-12,-6,Mükemmel,4,
20260108_124605,2026-01-08T12:46:34.090,1767865594.090753,66,DATA,-15,-10,-5,Mükemmel,4,
20260108_124605,2026-01-08T12:46:37.675,1767865597.675009,67,DATA,-21,-10,-5,Mükemmel,4,
20260108_124605,2026-01-08T12:46:41.082,1767865601.0824478,68,DATA,-21,-10,-5,Mükemmel,4,
20260108_124605,2026-01-08T12:46:44.535,1767865604.535763,69,DATA,-20,-11,-6,Mükemmel,4,
20260108_124605,2026-01-08T12:46:47.622,1767865607.622058,70,DATA,-22,-10,-5,Mükemmel,4,
20260108_124605,2026-01-08T12:46:51.102,1767865611.102914,71,DATA,-18,-10,-5,Mükemmel,4,
20260108_124605,2026-01-08T12:46:54.584,1767865614.58428,72,DATA,-49,-12,-6,Mükemmel,4,
20260108_124605,2026-01-08T12:46:58.062,1767865618.062523,73,DATA,-49,-10,-5,Mükemmel,4,
20260108_124605,2026-01-08T12:47:01.548,1767865621.548619,74,DATA,-48,-10,-5,Mükemmel,4,
20260108_124605,2026-01-08T12:47:05.053,1767865625.053674,75,DATA,-48,-10,-5,Mükemmel,4,
20260108_124605,2026-01-08T12:47:08.062,1767865628.062701,76,DATA,-48,-10,-5,Mükemmel,4,
20260108_124605,2026-01-08T12:47:11.582,1767865631.582933,77,DATA,-47,-10,-5,Mükemmel,4,
20260108_124605,2026-01-08T12:47:15.110,1767865635.110944,78,DATA,-56,-63,-32,İyi,3,
20260108_124605,2026-01-08T12:47:18.647,1767865638.647872,79,DATA,-63,-9,-5,Orta,2,
20260108_124605,2026-01-08T12:47:22.137,1767865642.137144,80,DATA,-62,-10,-5,Orta,2,
20260108_124605,2026-01-08T12:47:25.611,1767865645.611964,81,DATA,-63,-10,-5,Orta,2,
20260108_124605,2026-01-08T12:47:29.094,1767865649.094691,82,DATA,-64,-10,-5,Orta,2,
20260108_124605,2026-01-08T12:47:32.590,1767865652.590888,83,DATA,-64,-10,-5,Orta,2,
20260108_124605,2026-01-08T12:47:35.595,1767865655.595608,84,DATA,-64,-10,-5,Orta,2,
20260108_124605,2026-01-08T12:47:39.098,1767865659.098868,85,DATA,-64,-10,-5,Orta,2,
20260108_124605,2026-01-08T12:47:42.611,1767865662.611066,86,DATA,-63,-11,-6,Orta,2,
20260108_124605,2026-01-08T12:47:46.106,1767865666.106722,87,DATA,-63,-12,-6,Orta,2,
20260108_124605,2026-01-08T12:47:49.611,1767865669.611504,88,DATA,-66,-12,-6,Orta,2,
20260108_124605,2026-01-08T12:47:53.114,1767865673.1148748,89,DATA,-70,-15,-8,Orta,2,
20260108_124605,2026-01-08T12:47:56.639,1767865676.639443,90,DATA,-62,-10,-5,Orta,2,
20260108_124605,2026-01-08T12:47:59.707,1767865679.7077792,91,DATA,-42,-10,-5,Mükemmel,4,
20260108_124605,2026-01-08T12:48:03.190,1767865683.190194,92,DATA,-44,-10,-5,Mükemmel,4,
20260108_124605,2026-01-08T12:48:06.633,1767865686.633292,93,DATA,-60,-56,-28,İyi,3,
20260108_124605,2026-01-08T12:48:10.156,1767865690.1563652,94,DATA,-76,-12,-6,Zayıf,1,
20260108_124605,2026-01-08T12:48:13.721,1767865693.721537,95,DATA,-63,-10,-5,Orta,2,
20260108_124605,2026-01-08T12:48:17.146,1767865697.146831,96,DATA,-64,-12,-6,Orta,2,
20260108_124605,2026-01-08T12:48:20.708,1767865700.708792,97,DATA,-68,-24,-12,Orta,2,
20260108_124605,2026-01-08T12:48:24.152,1767865704.1529422,98,DATA,-73,-13,-7,Zayıf,1,
20260108_124605,2026-01-08T12:48:27.665,1767865707.66568,99,DATA,-70,-20,-10,Orta,2,
20260108_124605,2026-01-08T12:48:30.663,1767865710.663098,100,DATA,-73,-11,-6,Zayıf,1,
20260108_124605,2026-01-08T12:48:34.165,1767865714.165041,101,DATA,-78,-21,-11,Zayıf,1,
20260108_124605,2026-01-08T12:48:37.704,1767865717.7047548,102,DATA,-67,-14,-7,Orta,2,
20260108_124605,2026-01-08T12:48:41.187,1767865721.187634,103,DATA,-79,-20,-10,Zayıf,1,
20260108_124605,2026-01-08T12:48:44.767,1767865724.767751,104,DATA,-74,-55,-28,Zayıf,1,
20260108_124605,2026-01-08T12:48:49.262,1767865729.262246,,DISCONNECTED,,,,,,
20260108_124605,2026-01-08T12:48:50.698,1767865730.6988502,,CONNECTED,,,,,,1.4365768432617188
20260108_124605,2026-01-08T12:48:50.715,1767865730.715829,105,DATA,-78,-2605,-1303,Zayıf,1,
20260108_124605,2026-01-08T12:48:54.230,1767865734.230277,106,DATA,-69,-18,-9,Orta,2,
20260108_124605,2026-01-08T12:48:57.773,1767865737.773231,107,DATA,-73,-11,-6,Zayıf,1,
20260108_124605,2026-01-08T12:49:01.224,1767865741.224213,108,DATA,-67,-10,-5,Orta,2,
20260108_124605,2026-01-08T12:49:04.734,1767865744.7345421,109,DATA,-61,-11,-6,Orta,2,
20260108_124605,2026-01-08T12:49:07.806,1767865747.806206,110,DATA,-72,-10,-5,Zayıf,1,
20260108_124605,2026-01-08T12:49:11.290,1767865751.290638,111,DATA,-63,-10,-5,Orta,2,
20260108_124605,2026-01-08T12:49:14.778,1767865754.77843,112,DATA,-50,-10,-5,Mükemmel,4,
20260108_124605,2026-01-08T12:49:18.251,1767865758.251679,113,DATA,-32,-10,-5,Mükemmel,4,
20260108_124605,2026-01-08T12:49:21.719,1767865761.719738,114,DATA,-38,-13,-7,Mükemmel,4,
20260108_124605,2026-01-08T12:49:25.326,1767865765.326056,115,DATA,-36,-11,-6,Mükemmel,4,
20260108_124605,2026-01-08T12:49:28.798,1767865768.798221,116,DATA,-41,-10,-5,Mükemmel,4,
20260108_124605,2026-01-08T12:49:31.741,1767865771.74108,117,DATA,-40,-11,-6,Mükemmel,4,
20260108_124605,2026-01-08T12:49:35.257,1767865775.257904,118,DATA,-40,-12,-6,Mükemmel,4,
20260108_124605,2026-01-08T12:49:38.836,1767865778.836093,119,DATA,-39,-10,-5,Mükemmel,4,
20260108_124605,2026-01-08T12:49:42.284,1767865782.284401,120,DATA,-41,-11,-6,Mükemmel,4,
20260108_124605,2026-01-08T12:49:45.806,1767865785.806147,121,DATA,-40,-11,-6,Mükemmel,4,
20260108_124605,2026-01-08T12:49:49.281,1767865789.2816482,122,DATA,-41,-11,-6,Mükemmel,4,
20260108_124605,2026-01-08T12:49:52.865,1767865792.865742,123,DATA,-40,-10,-5,Mükemmel,4,
20260108_124605,2026-01-08T12:49:56.361,1767865796.361847,124,DATA,-37,-11,-6,Mükemmel,4,
20260108_124605,2026-01-08T12:49:59.269,1767865799.269562,125,DATA,-40,-10,-5,Mükemmel,4,
20260108_125943,2026-01-08T12:59:57.194,1767866397.1940439,,CONNECTED,,,,,,
20260108_125943,2026-01-08T12:59:57.199,1767866397.199373,299,DATA,-42,-10,-5,Mükemmel,4,
20260108_125943,2026-01-08T13:00:00.203,1767866400.203725,300,DATA,-42,-10,-5,Mükemmel,4,
20260108_125943,2026-01-08T13:00:03.792,1767866403.792707,301,DATA,-40,-11,-6,Mükemmel,4,
20260108_125943,2026-01-08T13:00:07.274,1767866407.2748532,302,DATA,-42,-10,-5,Mükemmel,4,
20260108_125943,2026-01-08T13:00:10.756,1767866410.756787,303,DATA,-41,-10,-5,Mükemmel,4,
20260108_125943,2026-01-08T13:00:14.238,1767866414.2380779,304,DATA,-41,-10,-5,Mükemmel,4,
20260108_125943,2026-01-08T13:00:17.822,1767866417.8228061,305,DATA,-52,-9,-5,İyi,3,
20260108_125943,2026-01-08T13:00:21.304,1767866421.3043551,306,DATA,-48,-72,-36,Mükemmel,4,
20260108_125943,2026-01-08T13:00:24.785,1767866424.7856882,307,DATA,-67,-15,-8,Orta,2,
20260108_125943,2026-01-08T13:00:28.280,1767866428.280852,308,DATA,-79,-83,-42,Zayıf,1,
20260108_125943,2026-01-08T13:00:31.351,1767866431.351574,309,DATA,-77,-16,-8,Zayıf,1,
20260108_125943,2026-01-08T13:00:34.834,1767866434.834261,310,DATA,-69,-15,-8,Orta,2,
20260108_125943,2026-01-08T13:00:38.261,1767866438.2618399,311,DATA,-68,-13,-7,Orta,2,
20260108_125943,2026-01-08T13:00:41.764,1767866441.7643871,312,DATA,-70,-12,-6,Orta,2,
20260108_125943,2026-01-08T13:00:45.270,1767866445.2706492,313,DATA,-67,-14,-7,Orta,2,
20260108_125943,2026-01-08T13:00:48.876,1767866448.876425,314,DATA,-47,-10,-5,Mükemmel,4,
20260108_125943,2026-01-08T13:00:52.273,1767866452.273153,315,DATA,-55,-10,-5,İyi,3,
20260108_125943,2026-01-08T13:00:55.311,1767866455.311114,316,DATA,-63,-10,-5,Orta,2,
20260108_125943,2026-01-08T13:00:58.785,1767866458.785978,317,DATA,-60,-10,-5,İyi,3,
20260108_125943,2026-01-08T13:01:02.379,1767866462.379391,318,DATA,-59,-11,-6,İyi,3,
20260108_125943,2026-01-08T13:01:05.859,1767866465.859705,319,DATA,-62,-10,-5,Orta,2,
20260108_125943,2026-01-08T13:01:09.353,1767866469.35367,320,DATA,-61,-13,-7,Orta,2,
20260108_125943,2026-01-08T13:01:12.824,1767866472.824041,321,DATA,-63,-10,-5,Orta,2,
20260108_125943,2026-01-08T13:01:16.337,1767866476.337873,322,DATA,-62,-12,-6,Orta,2,
20260108_125943,2026-01-08T13:01:19.307,1767866479.307748,323,DATA,-63,-10,-5,Orta,2,
20260108_125943,2026-01-08T13:01:22.861,1767866482.861403,324,DATA,-63,-12,-6,Orta,2,
20260108_125943,2026-01-08T13:01:26.319,1767866486.319648,325,DATA,-61,-11,-6,Orta,2,
20260108_125943,2026-01-08T13:01:29.911,1767866489.9110131,326,DATA,-52,-10,-5,İyi,3,
20260108_125943,2026-01-08T13:01:33.330,1767866493.330208,327,DATA,-62,-10,-5,Orta,2,
20260108_125943,2026-01-08T13:01:36.890,1767866496.890263,328,DATA,-64,-10,-5,Orta,2,
20260108_125943,2026-01-08T13:01:39.861,1767866499.861498,329,DATA,-63,-12,-6,Orta,2,
20260108_125943,2026-01-08T13:01:43.348,1767866503.3488488,330,DATA,-65,-13,-7,Orta,2,
20260108_125943,2026-01-08T13:01:46.848,1767866506.848019,331,DATA,-63,-12,-6,Orta,2,
20260108_125943,2026-01-08T13:01:50.421,1767866510.421393,332,DATA,-63,-11,-6,Orta,2,
20260108_125943,2026-01-08T13:01:53.892,1767866513.892096,333,DATA,-62,-12,-6,Orta,2,
20260108_125943,2026-01-08T13:01:57.355,1767866517.355967,334,DATA,-66,-12,-6,Orta,2,
20260108_125943,2026-01-08T13:02:00.956,1767866520.956074,335,DATA,-67,-11,-6,Orta,2,
20260108_125943,2026-01-08T13:02:03.925,1767866523.9256551,336,DATA,-68,-15,-8,Orta,2,
20260108_125943,2026-01-08T13:02:07.369,1767866527.3696241,337,DATA,-56,-12,-6,İyi,3,
20260108_125943,2026-01-08T13:02:10.887,1767866530.887171,338,DATA,-65,-11,-6,Orta,2,
20260108_125943,2026-01-08T13:02:14.473,1767866534.473901,339,DATA,-64,-11,-6,Orta,2,
20260108_125943,2026-01-08T13:02:17.880,1767866537.880748,340,DATA,-63,-10,-5,Orta,2,
20260108_125943,2026-01-08T13:02:21.435,1767866541.4352388,341,DATA,-63,-11,-6,Orta,2,
20260108_125943,2026-01-08T13:02:24.917,1767866544.9175591,342,DATA,-49,-13,-7,Mükemmel,4,
20260108_125943,2026-01-08T13:02:27.979,1767866547.9797142,343,DATA,-52,-13,-7,İyi,3,
20260108_125943,2026-01-08T13:02:31.392,1767866551.392426,344,DATA,-49,-16,-8,Mükemmel,4,
20260108_125943,2026-01-08T13:02:34.953,1767866554.953562,345,DATA,-37,-11,-6,Mükemmel,4,
20260108_125943,2026-01-08T13:02:38.405,1767866558.4050848,346,DATA,-45,-15,-8,Mükemmel,4,
20260108_125943,2026-01-08T13:02:41.926,1767866561.926547,347,DATA,-36,-9,-5,Mükemmel,4,
20260108_125943,2026-01-08T13:02:45.507,1767866565.507018,348,DATA,-43,-20,-10,Mükemmel,4,
20260108_125943,2026-01-08T13:02:48.920,1767866568.920526,349,DATA,-49,-10,-5,Mükemmel,4,
20260108_125943,2026-01-08T13:02:51.951,1767866571.9512918,350,DATA,-46,-10,-5,Mükemmel,4,
20260108_125943,2026-01-08T13:02:55.433,1767866575.433249,351,DATA,-42,-10,-5,Mükemmel,4,
20260108_125943,2026-01-08T13:02:58.935,1767866578.93522,352,DATA,-50,-11,-6,Mükemmel,4,
20260108_125943,2026-01-08T13:03:02.437,1767866582.437367,353,DATA,-37,-11,-6,Mükemmel,4,
20260108_125943,2026-01-08T13:03:05.978,1767866585.97844,354,DATA,-27,-14,-7,Mükemmel,4,
20260108_125943,2026-01-08T13:03:09.453,1767866589.453114,355,DATA,-30,-26,-13,Mükemmel,4,
20260108_125943,2026-01-08T13:03:13.955,1767866593.955901,,DISCONNECTED,,,,,,
20260108_125943,2026-01-08T13:03:42.023,1767866622.0231879,,CONNECTED,,,,,,28.067275047302246
20260108_125943,2026-01-08T13:03:42.035,1767866622.03517,1,DATA,-40,-15,-8,Mükemmel,4,
20260108_125943,2026-01-08T13:03:45.508,1767866625.508608,2,DATA,-39,-17,-9,Mükemmel,4,
20260108_125943,2026-01-08T13:03:48.989,1767866628.989981,3,DATA,-41,-10,-5,Mükemmel,4,
20260108_125943,2026-01-08T13:03:52.488,1767866632.488194,4,DATA,-38,-10,-5,Mükemmel,4,
20260108_125943,2026-01-08T13:03:55.980,1767866635.9807591,5,DATA,-40,-10,-5,Mükemmel,4,
20260108_125943,2026-01-08T13:03:59.553,1767866639.553131,6,DATA,-39,-13,-7,Mükemmel,4,
20260108_125943,2026-01-08T13:04:03.016,1767866643.0169358,7,DATA,-39,-9,-5,Mükemmel,4,
20260108_125943,2026-01-08T13:04:06.089,1767866646.0897222,8,DATA,-36,-11,-6,Mükemmel,4,
20260108_125943,2026-01-08T13:04:09.489,1767866649.489982,9,DATA,-37,-10,-5,Mükemmel,4,
20260108_125943,2026-01-08T13:04:13.056,1767866653.056879,10,DATA,-37,-9,-5,Mükemmel,4,
20260108_125943,2026-01-08T13:04:16.535,1767866656.535226,11,DATA,-39,-9,-5,Mükemmel,4,
20260108_125943,2026-01-08T13:04:20.004,1767866660.004113,12,DATA,-39,-9,-5,Mükemmel,4,
20260108_125943,2026-01-08T13:04:23.558,1767866663.5585651,13,DATA,-40,-11,-6,Mükemmel,4,
20260108_125943,2026-01-08T13:04:27.080,1767866667.080885,14,DATA,-37,-11,-6,Mükemmel,4,
20260108_125943,2026-01-08T13:04:30.054,1767866670.054045,15,DATA,-39,-12,-6,Mükemmel,4,
20260108_125943,2026-01-08T13:04:33.533,1767866673.533667,16,DATA,-39,-10,-5,Mükemmel,4,
20260108_125943,2026-01-08T13:04:37.117,1767866677.117549,17,DATA,-39,-10,-5,Mükemmel,4,
20260108_125943,2026-01-08T13:04:40.532,1767866680.532691,18,DATA,-40,-14,-7,Mükemmel,4,
20260108_125943,2026-01-08T13:04:44.075,1767866684.0752482,19,DATA,-41,-14,-7,Mükemmel,4,
20260108_125943,2026-01-08T13:04:47.567,1767866687.5672379,20,DATA,-37,-10,-5,Mükemmel,4,
20260108_125943,2026-01-08T13:04:51.044,1767866691.044912,21,DATA,-39,-11,-6,Mükemmel,4,
20260108_125943,2026-01-08T13:04:54.116,1767866694.116471,22,DATA,-38,-10,-5,Mükemmel,4,
20260108_125943,2026-01-08T13:04:57.599,1767866697.599781,23,DATA,-38,-10,-5,Mükemmel,4,
20260108_125943,2026-01-08T13:05:01.053,1767866701.0535848,24,DATA,-39,-11,-6,Mükemmel,4,
20260108_125943,2026-01-08T13:05:04.551,1767866704.551915,25,DATA,-38,-10,-5,Mükemmel,4,
20260108_125943,2026-01-08T13:05:08.146,1767866708.146139,26,DATA,-37,-10,-5,Mükemmel,4,
20260108_125943,2026-01-08T13:05:12.126,1767866712.126901,,DISCONNECTED,,,,,,
20260108_125943,2026-01-08T13:05:15.098,1767866715.098748,,CONNECTED,,,,,,2.9718377590179443
20260108_125943,2026-01-08T13:05:15.116,1767866715.1166458,28,DATA,-37,-9,-5,Mükemmel,4,
20260108_125943,2026-01-08T13:05:18.071,1767866718.071306,29,DATA,-42,-13,-7,Mükemmel,4,
20260108_125943,2026-01-08T13:05:21.575,1767866721.575288,30,DATA,-39,-14,-7,Mükemmel,4,
20260108_125943,2026-01-08T13:05:25.144,1767866725.144649,31,DATA,-42,-10,-5,Mükemmel,4,
20260108_125943,2026-01-08T13:05:28.583,1767866728.583495,32,DATA,-40,-10,-5,Mükemmel,4,
20260108_125943,2026-01-08T13:05:32.108,1767866732.108942,33,DATA,-41,-10,-5,Mükemmel,4,
20260108_125943,2026-01-08T13:05:35.592,1767866735.592072,34,DATA,-40,-12,-6,Mükemmel,4,
20260108_125943,2026-01-08T13:05:39.096,1767866739.096417,35,DATA,-45,-13,-7,Mükemmel,4,
20260108_125943,2026-01-08T13:05:42.143,1767866742.143989,36,DATA,-43,-10,-5,Mükemmel,4,
20260108_125943,2026-01-08T13:05:45.625,1767866745.625338,37,DATA,-39,-14,-7,Mükemmel,4,
20260108_125943,2026-01-08T13:05:49.206,1767866749.206889,38,DATA,-39,-11,-6,Mükemmel,4,
20260108_125943,2026-01-08T13:05:52.688,1767866752.688769,39,DATA,-38,-11,-6,Mükemmel,4,
20260108_125943,2026-01-08T13:05:56.114,1767866756.114877,40,DATA,-39,-10,-5,Mükemmel,4,
20260108_125943,2026-01-08T13:05:59.653,1767866759.6538172,41,DATA,-38,-13,-7,Mükemmel,4,
20260108_125943,2026-01-08T13:06:03.135,1767866763.135901,42,DATA,-38,-10,-5,Mükemmel,4,
20260108_125943,2026-01-08T13:06:06.208,1767866766.208089,43,DATA,-37,-15,-8,Mükemmel,4,
20260108_125943,2026-01-08T13:06:09.630,1767866769.630372,44,DATA,-40,-12,-6,Mükemmel,4,
20260108_125943,2026-01-08T13:06:13.171,1767866773.171254,45,DATA,-39,-10,-5,Mükemmel,4,
20260108_125943,2026-01-08T13:06:16.653,1767866776.653915,46,DATA,-40,-10,-5,Mükemmel,4,
20260108_125943,2026-01-08T13:06:20.237,1767866780.237738,47,DATA,-37,-10,-5,Mükemmel,4,
20260108_125943,2026-01-08T13:06:23.649,1767866783.6499321,48,DATA,-39,-13,-7,Mükemmel,4,
20260108_125943,2026-01-08T13:06:27.200,1767866787.2010088,49,DATA,-38,-10,-5,Mükemmel,4,
20260108_125943,2026-01-08T13:06:30.156,1767866790.156148,50,DATA,-38,-10,-5,Mükemmel,4,
20260108_125943,2026-01-08T13:06:33.749,1767866793.749717,51,DATA,-39,-13,-7,Mükemmel,4,
20260108_125943,2026-01-08T13:06:37.239,1767866797.2392168,52,DATA,-38,-9,-5,Mükemmel,4,
20260108_125943,2026-01-08T13:06:40.670,1767866800.670042,53,DATA,-39,-12,-6,Mükemmel,4,
20260108_125943,2026-01-08T13:06:44.199,1767866804.199009,54,DATA,-39,-10,-5,Mükemmel,4,
20260108_125943,2026-01-08T13:06:47.680,1767866807.680237,55,DATA,-39,-9,-5,Mükemmel,4,
20260108_125943,2026-01-08T13:06:51.199,1767866811.199618,56,DATA,-39,-14,-7,Mükemmel,4,
20260108_125943,2026-01-08T13:06:54.234,1767866814.234951,57,DATA,-38,-14,-7,Mükemmel,4,
20260108_125943,2026-01-08T13:06:57.716,1767866817.716533,58,DATA,-39,-11,-6,Mükemmel,4,
20260108_125943,2026-01-08T13:07:01.196,1767866821.196575,59,DATA,-38,-10,-5,Mükemmel,4,
20260108_125943,2026-01-08T13:07:04.781,1767866824.781152,60,DATA,-39,-12,-6,Mükemmel,4,
20260108_125943,2026-01-08T13:07:08.263,1767866828.2630742,61,DATA,-39,-12,-6,Mükemmel,4,
20260108_125943,2026-01-08T13:07:11.706,1767866831.70635,62,DATA,-39,-11,-6,Mükemmel,4,
20260108_125943,2026-01-08T13:07:15.230,1767866835.230409,63,DATA,-41,-13,-7,Mükemmel,4,
20260108_125943,2026-01-08T13:07:18.299,1767866838.299327,64,DATA,-41,-10,-5,Mükemmel,4,
20260108_125943,2026-01-08T13:07:21.780,1767866841.780734,65,DATA,-40,-13,-7,Mükemmel,4,
20260108_125943,2026-01-08T13:07:25.264,1767866845.264098,66,DATA,-39,-10,-5,Mükemmel,4,
20260108_125943,2026-01-08T13:07:28.743,1767866848.743356,67,DATA,-38,-11,-6,Mükemmel,4,
20260108_125943,2026-01-08T13:07:32.331,1767866852.331349,68,DATA,-39,-11,-6,Mükemmel,4,
20260108_125943,2026-01-08T13:07:35.808,1767866855.808413,69,DATA,-38,-10,-5,Mükemmel,4,
20260108_125943,2026-01-08T13:07:39.240,1767866859.2404952,70,DATA,-38,-12,-6,Mükemmel,4,
20260108_125943,2026-01-08T13:07:42.259,1767866862.259058,71,DATA,-38,-10,-5,Mükemmel,4,
20260108_125943,2026-01-08T13:07:45.846,1767866865.846255,72,DATA,-39,-9,-5,Mükemmel,4,
20260108_125943,2026-01-08T13:07:49.325,1767866869.32554,73,DATA,-39,-9,-5,Mükemmel,4,
20260108_125943,2026-01-08T13:07:52.810,1767866872.8102798,74,DATA,-39,-15,-8,Mükemmel,4,
20260108_125943,2026-01-08T13:07:56.288,1767866876.288836,75,DATA,-41,-9,-5,Mükemmel,4,
20260108_125943,2026-01-08T13:07:59.771,1767866879.771848,76,DATA,-40,-11,-6,Mükemmel,4,
20260108_125943,2026-01-08T13:08:03.355,1767866883.355937,77,DATA,-40,-12,-6,Mükemmel,4,
20260108_125943,2026-01-08T13:08:06.325,1767866886.3256,78,DATA,-40,-10,-5,Mükemmel,4,
20260108_125943,2026-01-08T13:08:09.769,1767866889.769517,79,DATA,-42,-11,-6,Mükemmel,4,
20260108_125943,2026-01-08T13:08:13.291,1767866893.291978,80,DATA,-41,-10,-5,Mükemmel,4,
20260108_125943,2026-01-08T13:08:16.782,1767866896.782768,81,DATA,-41,-15,-8,Mükemmel,4,
20260108_125943,2026-01-08T13:08:20.356,1767866900.356815,82,DATA,-42,-14,-7,Mükemmel,4,
20260108_125943,2026-01-08T13:08:23.834,1767866903.834395,83,DATA,-40,-9,-5,Mükemmel,4,
20260108_125943,2026-01-08T13:08:27.318,1767866907.318466,84,DATA,-43,-11,-6,Mükemmel,4,
20260108_125943,2026-01-08T13:08:30.390,1767866910.390676,85,DATA,-41,-11,-6,Mükemmel,4,
20260108_125943,2026-01-08T13:08:33.871,1767866913.871783,86,DATA,-45,-17,-9,Mükemmel,4,
20260108_125943,2026-01-08T13:08:37.354,1767866917.354038,87,DATA,-43,-12,-6,Mükemmel,4,
20260108_125943,2026-01-08T13:08:40.811,1767866920.811214,88,DATA,-37,-10,-5,Mükemmel,4,
20260108_125943,2026-01-08T13:08:44.418,1767866924.418526,89,DATA,-40,-10,-5,Mükemmel,4,
20260108_125943,2026-01-08T13:08:47.900,1767866927.900917,90,DATA,-38,-10,-5,Mükemmel,4,
20260108_125943,2026-01-08T13:08:51.383,1767866931.383431,91,DATA,-40,-9,-5,Mükemmel,4,
20260108_125943,2026-01-08T13:08:54.351,1767866934.351809,92,DATA,-39,-10,-5,Mükemmel,4,
20260108_125943,2026-01-08T13:08:57.936,1767866937.9369469,93,DATA,-43,-13,-7,Mükemmel,4,
20260108_125943,2026-01-08T13:09:01.417,1767866941.417871,94,DATA,-43,-15,-8,Mükemmel,4,
20260108_125943,2026-01-08T13:09:04.900,1767866944.900979,95,DATA,-41,-11,-6,Mükemmel,4,
20260108_125943,2026-01-08T13:09:08.387,1767866948.387769,96,DATA,-41,-10,-5,Mükemmel,4,
20260108_125943,2026-01-08T13:09:11.862,1767866951.862849,97,DATA,-41,-10,-5,Mükemmel,4,
20260108_125943,2026-01-08T13:09:15.447,1767866955.4470809,98,DATA,-42,-10,-5,Mükemmel,4,
20260108_125943,2026-01-08T13:09:18.417,1767866958.417692,99,DATA,-41,-11,-6,Mükemmel,4,
20260108_125943,2026-01-08T13:09:21.897,1767866961.897554,100,DATA,-43,-10,-5,Mükemmel,4,
20260108_125943,2026-01-08T13:09:25.380,1767866965.3802738,101,DATA,-42,-11,-6,Mükemmel,4,
20260108_125943,2026-01-08T13:09:28.964,1767866968.964758,102,DATA,-43,-14,-7,Mükemmel,4,
20260108_125943,2026-01-08T13:09:32.446,1767866972.446486,103,DATA,-42,-10,-5,Mükemmel,4,
20260108_125943,2026-01-08T13:09:35.929,1767866975.929353,104,DATA,-41,-11,-6,Mükemmel,4,
20260108_125943,2026-01-08T13:09:39.409,1767866979.4094322,105,DATA,-41,-10,-5,Mükemmel,4,
20260108_125943,2026-01-08T13:09:42.426,1767866982.4266539,106,DATA,-42,-15,-8,Mükemmel,4,
20260108_125943,2026-01-08T13:09:45.964,1767866985.9641669,107,DATA,-42,-14,-7,Mükemmel,4,
20260108_125943,2026-01-08T13:09:49.400,1767866989.4007301,108,DATA,-42,-10,-5,Mükemmel,4,
20260108_125943,2026-01-08T13:09:52.899,1767866992.8993988,109,DATA,-41,-10,-5,Mükemmel,4,
20260108_125943,2026-01-08T13:09:56.407,1767866996.4077282,110,DATA,-41,-14,-7,Mükemmel,4,
20260108_125943,2026-01-08T13:09:59.993,1767866999.9936378,111,DATA,-41,-10,-5,Mükemmel,4,
20260108_125943,2026-01-08T13:10:03.409,1767867003.409833,112,DATA,-41,-17,-9,Mükemmel,4,
20260108_125943,2026-01-08T13:10:06.443,1767867006.443375,113,DATA,-41,-15,-8,Mükemmel,4,
20260108_125943,2026-01-08T13:10:09.924,1767867009.924136,114,DATA,-42,-10,-5,Mükemmel,4,
20260108_125943,2026-01-08T13:10:13.506,1767867013.5068579,115,DATA,-42,-9,-5,Mükemmel,4,
20260108_125943,2026-01-08T13:10:16.991,1767867016.99164,116,DATA,-42,-9,-5,Mükemmel,4,
20260108_125943,2026-01-08T13:10:20.473,1767867020.4738472,117,DATA,-42,-10,-5,Mükemmel,4,
20260108_125943,2026-01-08T13:10:23.959,1767867023.959319,118,DATA,-42,-14,-7,Mükemmel,4,
20260108_125943,2026-01-08T13:10:27.540,1767867027.540406,119,DATA,-41,-11,-6,Mükemmel,4,
20260108_125943,2026-01-08T13:10:30.511,1767867030.5113962,120,DATA,-42,-13,-7,Mükemmel,4,
20260108_125943,2026-01-08T13:10:33.991,1767867033.9913092,121,DATA,-42,-14,-7,Mükemmel,4,
20260108_125943,2026-01-08T13:10:37.473,1767867037.473526,122,DATA,-43,-9,-5,Mükemmel,4,
20260108_125943,2026-01-08T13:10:41.056,1767867041.056339,123,DATA,-42,-9,-5,Mükemmel,4,
20260108_125943,2026-01-08T13:10:44.519,1767867044.519459,124,DATA,-42,-14,-7,Mükemmel,4,
20260108_125943,2026-01-08T13:10:48.019,1767867048.019016,125,DATA,-42,-13,-7,Mükemmel,4,
20260108_125943,2026-01-08T13:10:51.501,1767867051.5011148,126,DATA,-42,-10,-5,Mükemmel,4,
20260108_125943,2026-01-08T13:10:54.472,1767867054.472835,127,DATA,-41,-11,-6,Mükemmel,4,
20260108_125943,2026-01-08T13:10:58.054,1767867058.055,128,DATA,-42,-10,-5,Mükemmel,4,
20260108_125943,2026-01-08T13:11:01.537,1767867061.537992,129,DATA,-42,-10,-5,Mükemmel,4,
20260108_125943,2026-01-08T13:11:05.018,1767867065.018445,130,DATA,-42,-12,-6,Mükemmel,4,
20260108_125943,2026-01-08T13:11:08.487,1767867068.487819,131,DATA,-42,-10,-5,Mükemmel,4,
20260108_125943,2026-01-08T13:11:12.083,1767867072.0839481,132,DATA,-42,-10,-5,Mükemmel,4,
20260108_125943,2026-01-08T13:11:15.567,1767867075.5679228,133,DATA,-42,-10,-5,Mükemmel,4,
20260108_125943,2026-01-08T13:11:18.533,1767867078.533503,134,DATA,-42,-9,-5,Mükemmel,4,
20260108_125943,2026-01-08T13:11:22.021,1767867082.02109,135,DATA,-41,-16,-8,Mükemmel,4,
20260108_125943,2026-01-08T13:11:25.600,1767867085.60054,136,DATA,-42,-10,-5,Mükemmel,4,
20260108_125943,2026-01-08T13:11:29.083,1767867089.083701,137,DATA,-42,-17,-9,Mükemmel,4,
20260108_125943,2026-01-08T13:11:32.562,1767867092.562816,138,DATA,-41,-10,-5,Mükemmel,4,
20260108_125943,2026-01-08T13:11:36.045,1767867096.045896,139,DATA,-42,-10,-5,Mükemmel,4,
20260108_125943,2026-01-08T13:11:39.633,1767867099.633136,140,DATA,-41,-10,-5,Mükemmel,4,
20260108_125943,2026-01-08T13:11:42.600,1767867102.600384,141,DATA,-42,-10,-5,Mükemmel,4,
20260108_125943,2026-01-08T13:11:46.079,1767867106.079701,142,DATA,-43,-10,-5,Mükemmel,4,
20260108_125943,2026-01-08T13:11:49.537,1767867109.5377998,143,DATA,-41,-13,-7,Mükemmel,4,
20260108_125943,2026-01-08T13:11:53.147,1767867113.147212,144,DATA,-41,-10,-5,Mükemmel,4,
20260108_125943,2026-01-08T13:11:56.629,1767867116.629395,145,DATA,-42,-10,-5,Mükemmel,4,
20260108_125943,2026-01-08T13:12:00.046,1767867120.0463219,146,DATA,-42,-11,-6,Mükemmel,4,
20260108_125943,2026-01-08T13:12:03.591,1767867123.591213,147,DATA,-42,-11,-6,Mükemmel,4,
20260108_125943,2026-01-08T13:12:06.561,1767867126.5615308,148,DATA,-42,-10,-5,Mükemmel,4,
20260108_125943,2026-01-08T13:12:10.145,1767867130.1460118,149,DATA,-40,-15,-8,Mükemmel,4,
20260108_125943,2026-01-08T13:12:13.567,1767867133.56732,150,DATA,-41,-10,-5,Mükemmel,4,
20260108_125943,2026-01-08T13:12:17.109,1767867137.109694,151,DATA,-41,-12,-6,Mükemmel,4,
20260108_125943,2026-01-08T13:12:20.590,1767867140.59088,152,DATA,-42,-10,-5,Mükemmel,4,
20260108_125943,2026-01-08T13:12:24.077,1767867144.077471,153,DATA,-42,-12,-6,Mükemmel,4,
20260108_125943,2026-01-08T13:12:27.595,1767867147.596011,154,DATA,-42,-11,-6,Mükemmel,4,
20260108_125943,2026-01-08T13:12:30.584,1767867150.584864,155,DATA,-41,-10,-5,Mükemmel,4,
20260108_125943,2026-01-08T13:12:34.108,1767867154.108864,156,DATA,-41,-10,-5,Mükemmel,4,
20260108_125943,2026-01-08T13:12:37.597,1767867157.597025,157,DATA,-41,-12,-6,Mükemmel,4,
20260108_125943,2026-01-08T13:12:41.174,1767867161.17426,158,DATA,-41,-9,-5,Mükemmel,4,
20260108_125943,2026-01-08T13:12:44.656,1767867164.656069,159,DATA,-41,-11,-6,Mükemmel,4,
20260108_125943,2026-01-08T13:12:48.136,1767867168.136611,160,DATA,-42,-10,-5,Mükemmel,4,
20260108_125943,2026-01-08T13:12:51.613,1767867171.6138618,161,DATA,-41,-16,-8,Mükemmel,4,
20260108_125943,2026-01-08T13:12:54.691,1767867174.691169,162,DATA,-41,-10,-5,Mükemmel,4,
20260108_125943,2026-01-08T13:12:58.167,1767867178.167109,163,DATA,-42,-10,-5,Mükemmel,4,
20260108_125943,2026-01-08T13:13:01.655,1767867181.655381,164,DATA,-41,-11,-6,Mükemmel,4,
20260108_125943,2026-01-08T13:13:05.237,1767867185.237953,165,DATA,-41,-12,-6,Mükemmel,4,
20260108_125943,2026-01-08T13:13:08.720,1767867188.720617,166,DATA,-41,-10,-5,Mükemmel,4,
20260108_125943,2026-01-08T13:13:12.201,1767867192.201778,167,DATA,-41,-10,-5,Mükemmel,4,
20260108_125943,2026-01-08T13:13:15.682,1767867195.6827881,168,DATA,-42,-11,-6,Mükemmel,4,
20260108_125943,2026-01-08T13:13:18.856,1767867198.856732,169,DATA,-42,-12,-6,Mükemmel,4,
20260108_125943,2026-01-08T13:13:22.237,1767867202.237967,170,DATA,-41,-10,-5,Mükemmel,4,
20260108_125943,2026-01-08T13:13:25.718,1767867205.7186189,171,DATA,-42,-11,-6,Mükemmel,4,
20260108_125943,2026-01-08T13:13:29.203,1767867209.2039838,172,DATA,-42,-11,-6,Mükemmel,4,
20260108_125943,2026-01-08T13:13:32.682,1767867212.6822028,173,DATA,-41,-20,-10,Mükemmel,4,
20260108_125943,2026-01-08T13:13:36.266,1767867216.266345,174,DATA,-42,-14,-7,Mükemmel,4,
20260108_125943,2026-01-08T13:13:39.747,1767867219.747672,175,DATA,-41,-10,-5,Mükemmel,4,
20260108_125943,2026-01-08T13:13:43.230,1767867223.23002,176,DATA,-42,-9,-5,Mükemmel,4,
20260108_125943,2026-01-08T13:13:46.197,1767867226.197369,177,DATA,-42,-18,-9,Mükemmel,4,
20260108_125943,2026-01-08T13:13:49.688,1767867229.688392,178,DATA,-41,-13,-7,Mükemmel,4,
20260108_125943,2026-01-08T13:13:53.278,1767867233.278831,179,DATA,-41,-11,-6,Mükemmel,4,
20260108_125943,2026-01-08T13:13:56.746,1767867236.74693,180,DATA,-41,-11,-6,Mükemmel,4,
20260108_125943,2026-01-08T13:14:00.228,1767867240.2283158,181,DATA,-42,-11,-6,Mükemmel,4,
20260108_125943,2026-01-08T13:14:03.709,1767867243.70958,182,DATA,-42,-9,-5,Mükemmel,4,
20260108_125943,2026-01-08T13:14:07.294,1767867247.294254,183,DATA,-42,-10,-5,Mükemmel,4,
20260108_125943,2026-01-08T13:14:10.263,1767867250.263656,184,DATA,-42,-14,-7,Mükemmel,4,
20260108_125943,2026-01-08T13:14:13.746,1767867253.7468228,185,DATA,-42,-10,-5,Mükemmel,4,
20260108_125943,2026-01-08T13:14:17.223,1767867257.2230752,186,DATA,-41,-11,-6,Mükemmel,4,
20260108_125943,2026-01-08T13:14:20.812,1767867260.8129642,187,DATA,-41,-11,-6,Mükemmel,4,
20260108_125943,2026-01-08T13:14:24.292,1767867264.2929049,188,DATA,-42,-12,-6,Mükemmel,4,
20260108_125943,2026-01-08T13:14:27.779,1767867267.779387,189,DATA,-42,-11,-6,Mükemmel,4,
20260108_125943,2026-01-08T13:14:31.256,1767867271.256528,190,DATA,-42,-10,-5,Mükemmel,4,
20260108_125943,2026-01-08T13:14:34.329,1767867274.329293,191,DATA,-42,-13,-7,Mükemmel,4,
20260108_125943,2026-01-08T13:14:37.747,1767867277.747196,192,DATA,-43,-10,-5,Mükemmel,4,
20260108_125943,2026-01-08T13:14:41.247,1767867281.247869,193,DATA,-41,-10,-5,Mükemmel,4,
20260108_125943,2026-01-08T13:14:44.774,1767867284.7744389,194,DATA,-42,-10,-5,Mükemmel,4,
20260108_125943,2026-01-08T13:14:48.357,1767867288.3572779,195,DATA,-43,-14,-7,Mükemmel,4,
20260108_125943,2026-01-08T13:14:51.838,1767867291.838485,196,DATA,-42,-10,-5,Mükemmel,4,
20260108_125943,2026-01-08T13:14:55.267,1767867295.2678862,197,DATA,-41,-14,-7,Mükemmel,4,
20260108_125943,2026-01-08T13:14:58.289,1767867298.2894819,198,DATA,-41,-9,-5,Mükemmel,4,
20260108_125943,2026-01-08T13:15:01.877,1767867301.87709,199,DATA,-42,-13,-7,Mükemmel,4,
20260108_125943,2026-01-08T13:15:05.355,1767867305.3559098,200,DATA,-43,-9,-5,Mükemmel,4,
20260108_125943,2026-01-08T13:15:08.781,1767867308.781178,201,DATA,-43,-12,-6,Mükemmel,4,
20260108_125943,2026-01-08T13:15:12.286,1767867312.286804,202,DATA,-42,-15,-8,Mükemmel,4,
20260108_125943,2026-01-08T13:15:15.790,1767867315.790952,203,DATA,-42,-11,-6,Mükemmel,4,
20260108_125943,2026-01-08T13:15:19.380,1767867319.381001,204,DATA,-42,-20,-10,Mükemmel,4,
20260108_125943,2026-01-08T13:15:22.865,1767867322.865921,205,DATA,-42,-11,-6,Mükemmel,4,
20260108_125943,2026-01-08T13:15:25.848,1767867325.8484612,206,DATA,-42,-13,-7,Mükemmel,4,
20260108_125943,2026-01-08T13:15:29.317,1767867329.3177018,207,DATA,-42,-11,-6,Mükemmel,4,
20260108_125943,2026-01-08T13:15:32.811,1767867332.811261,208,DATA,-42,-13,-7,Mükemmel,4,
20260108_125943,2026-01-08T13:15:36.383,1767867336.3838139,209,DATA,-42,-13,-7,Mükemmel,4,
20260108_125943,2026-01-08T13:15:39.866,1767867339.866962,210,DATA,-42,-10,-5,Mükemmel,4,
20260108_125943,2026-01-08T13:15:43.347,1767867343.347074,211,DATA,-42,-11,-6,Mükemmel,4,
20260108_125943,2026-01-08T13:15:46.828,1767867346.828182,212,DATA,-42,-11,-6,Mükemmel,4,
20260108_125943,2026-01-08T13:15:49.892,1767867349.8924868,213,DATA,-42,-9,-5,Mükemmel,4,
20260108_125943,2026-01-08T13:15:53.383,1767867353.383449,214,DATA,-42,-10,-5,Mükemmel,4,
20260108_125943,2026-01-08T13:15:56.864,1767867356.864609,215,DATA,-42,-12,-6,Mükemmel,4,
20260108_125943,2026-01-08T13:16:00.444,1767867360.444926,216,DATA,-42,-10,-5,Mükemmel,4,
20260108_125943,2026-01-08T13:16:03.931,1767867363.931202,217,DATA,-42,-10,-5,Mükemmel,4,
20260108_125943,2026-01-08T13:16:07.413,1767867367.413225,218,DATA,-43,-10,-5,Mükemmel,4,
20260108_125943,2026-01-08T13:16:10.855,1767867370.855925,219,DATA,-43,-10,-5,Mükemmel,4,
20260108_125943,2026-01-08T13:16:13.882,1767867373.8825998,220,DATA,-42,-12,-6,Mükemmel,4,
20260108_125943,2026-01-08T13:16:17.366,1767867377.366863,221,DATA,-42,-10,-5,Mükemmel,4,
20260108_125943,2026-01-08T13:16:20.869,1767867380.869209,222,DATA,-42,-14,-7,Mükemmel,4,
20260108_125943,2026-01-08T13:16:24.410,1767867384.410622,223,DATA,-42,-10,-5,Mükemmel,4,
20260108_125943,2026-01-08T13:16:27.876,1767867387.876394,224,DATA,-42,-9,-5,Mükemmel,4,
20260108_125943,2026-01-08T13:16:31.476,1767867391.476683,225,DATA,-43,-9,-5,Mükemmel,4,
20260108_125943,2026-01-08T13:16:34.885,1767867394.885203,226,DATA,-42,-10,-5,Mükemmel,4,
20260108_125943,2026-01-08T13:16:37.927,1767867397.927258,227,DATA,-42,-14,-7,Mükemmel,4,
20260108_125943,2026-01-08T13:16:41.410,1767867401.410366,228,DATA,-41,-9,-5,Mükemmel,4,
20260108_125943,2026-01-08T13:16:44.994,1767867404.994077,229,DATA,-44,-9,-5,Mükemmel,4,
20260108_125943,2026-01-08T13:16:48.476,1767867408.476115,230,DATA,-42,-10,-5,Mükemmel,4,
20260108_125943,2026-01-08T13:16:51.957,1767867411.9572291,231,DATA,-41,-15,-8,Mükemmel,4,
20260108_125943,2026-01-08T13:16:55.432,1767867415.432349,232,DATA,-42,-10,-5,Mükemmel,4,
20260108_125943,2026-01-08T13:16:58.921,1767867418.921453,233,DATA,-42,-10,-5,Mükemmel,4,
20260108_125943,2026-01-08T13:17:01.992,1767867421.9927628,234,DATA,-41,-10,-5,Mükemmel,4,
20260108_125943,2026-01-08T13:17:05.499,1767867425.4996219,235,DATA,-43,-15,-8,Mükemmel,4,
20260108_125943,2026-01-08T13:17:08.956,1767867428.956109,236,DATA,-41,-10,-5,Mükemmel,4,
20260108_125943,2026-01-08T13:17:12.434,1767867432.434977,237,DATA,-42,-9,-5,Mükemmel,4,
20260108_125943,2026-01-08T13:17:16.023,1767867436.023652,238,DATA,-41,-10,-5,Mükemmel,4,
20260108_125943,2026-01-08T13:17:19.503,1767867439.503556,239,DATA,-41,-14,-7,Mükemmel,4,
20260108_125943,2026-01-08T13:17:22.989,1767867442.9900239,240,DATA,-41,-10,-5,Mükemmel,4,
20260108_125943,2026-01-08T13:17:25.952,1767867445.952116,241,DATA,-41,-10,-5,Mükemmel,4,
20260108_125943,2026-01-08T13:17:29.540,1767867449.54026,242,DATA,-42,-18,-9,Mükemmel,4,
20260108_125943,2026-01-08T13:17:33.019,1767867453.0190232,243,DATA,-42,-10,-5,Mükemmel,4,
20260108_125943,2026-01-08T13:17:36.459,1767867456.459158,244,DATA,-42,-18,-9,Mükemmel,4,
20260108_125943,2026-01-08T13:17:39.984,1767867459.984652,245,DATA,-42,-11,-6,Mükemmel,4,
20260108_125943,2026-01-08T13:17:43.574,1767867463.574425,246,DATA,-42,-11,-6,Mükemmel,4,
20260108_125943,2026-01-08T13:17:47.049,1767867467.049568,247,DATA,-43,-14,-7,Mükemmel,4,
20260108_125943,2026-01-08T13:17:49.975,1767867469.975785,248,DATA,-41,-13,-7,Mükemmel,4,
20260108_125943,2026-01-08T13:17:53.504,1767867473.504555,249,DATA,-42,-17,-9,Mükemmel,4,
20260108_125943,2026-01-08T13:17:56.985,1767867476.9851332,250,DATA,-42,-10,-5,Mükemmel,4,
20260108_125943,2026-01-08T13:18:00.567,1767867480.567601,251,DATA,-42,-13,-7,Mükemmel,4,
20260108_125943,2026-01-08T13:18:04.143,1767867484.143831,252,DATA,-42,-10,-5,Mükemmel,4,
20260108_125943,2026-01-08T13:18:07.530,1767867487.5300212,253,DATA,-42,-10,-5,Mükemmel,4,
20260108_125943,2026-01-08T13:18:11.005,1767867491.005153,254,DATA,-43,-14,-7,Mükemmel,4,
20260108_125943,2026-01-08T13:18:14.066,1767867494.066645,255,DATA,-42,-11,-6,Mükemmel,4,
20260108_125943,2026-01-08T13:18:17.562,1767867497.562902,256,DATA,-42,-11,-6,Mükemmel,4,
20260108_125943,2026-01-08T13:18:21.046,1767867501.046848,257,DATA,-41,-10,-5,Mükemmel,4,
20260108_125943,2026-01-08T13:18:24.532,1767867504.532133,258,DATA,-41,-9,-5,Mükemmel,4,
20260108_125943,2026-01-08T13:18:28.112,1767867508.1127622,259,DATA,-42,-11,-6,Mükemmel,4,
20260108_125943,2026-01-08T13:18:31.593,1767867511.593869,260,DATA,-42,-11,-6,Mükemmel,4,
20260108_125943,2026-01-08T13:18:35.076,1767867515.076334,261,DATA,-41,-10,-5,Mükemmel,4,
20260108_125943,2026-01-08T13:18:38.042,1767867518.0421178,262,DATA,-42,-10,-5,Mükemmel,4,
20260108_125943,2026-01-08T13:18:41.631,1767867521.63104,263,DATA,-41,-10,-5,Mükemmel,4,
20260108_125943,2026-01-08T13:18:45.114,1767867525.114214,264,DATA,-42,-11,-6,Mükemmel,4,
20260108_125943,2026-01-08T13:18:48.594,1767867528.594195,265,DATA,-41,-14,-7,Mükemmel,4,
20260108_125943,2026-01-08T13:18:52.075,1767867532.0756822,266,DATA,-42,-10,-5,Mükemmel,4,
20260108_125943,2026-01-08T13:18:55.555,1767867535.555905,267,DATA,-41,-11,-6,Mükemmel,4,
20260108_125943,2026-01-08T13:18:59.141,1767867539.141976,268,DATA,-42,-10,-5,Mükemmel,4,
20260108_125943,2026-01-08T13:19:02.111,1767867542.111094,269,DATA,-42,-10,-5,Mükemmel,4,
20260108_125943,2026-01-08T13:19:05.592,1767867545.5927732,270,DATA,-42,-10,-5,Mükemmel,4,
20260108_125943,2026-01-08T13:19:09.176,1767867549.176642,271,DATA,-42,-9,-5,Mükemmel,4,
20260108_125943,2026-01-08T13:19:12.657,1767867552.6571572,272,DATA,-43,-10,-5,Mükemmel,4,
20260108_125943,2026-01-08T13:19:16.138,1767867556.138013,273,DATA,-42,-10,-5,Mükemmel,4,
20260108_125943,2026-01-08T13:19:19.621,1767867559.621789,274,DATA,-42,-17,-9,Mükemmel,4,
20260108_125943,2026-01-08T13:19:23.103,1767867563.10355,275,DATA,-41,-12,-6,Mükemmel,4,
20260108_125943,2026-01-08T13:19:26.687,1767867566.687943,276,DATA,-42,-10,-5,Mükemmel,4,
20260108_125943,2026-01-08T13:19:29.656,1767867569.656805,277,DATA,-41,-11,-6,Mükemmel,4,
20260108_125943,2026-01-08T13:19:33.138,1767867573.1385138,278,DATA,-41,-10,-5,Mükemmel,4,
20260108_125943,2026-01-08T13:19:36.621,1767867576.621469,279,DATA,-40,-11,-6,Mükemmel,4,
20260108_125943,2026-01-08T13:19:40.205,1767867580.205424,280,DATA,-42,-10,-5,Mükemmel,4,
20260108_125943,2026-01-08T13:19:43.685,1767867583.685214,281,DATA,-41,-9,-5,Mükemmel,4,
20260108_125943,2026-01-08T13:19:47.167,1767867587.167467,282,DATA,-41,-10,-5,Mükemmel,4,
20260108_125943,2026-01-08T13:19:50.653,1767867590.653187,283,DATA,-41,-11,-6,Mükemmel,4,
20260108_125943,2026-01-08T13:19:53.723,1767867593.723369,284,DATA,-41,-10,-5,Mükemmel,4,
20260108_125943,2026-01-08T13:19:57.202,1767867597.202662,285,DATA,-41,-10,-5,Mükemmel,4,
20260108_125943,2026-01-08T13:20:00.685,1767867600.6860092,286,DATA,-41,-10,-5,Mükemmel,4,
20260108_125943,2026-01-08T13:20:04.264,1767867604.2644632,287,DATA,-42,-10,-5,Mükemmel,4,
20260108_125943,2026-01-08T13:20:07.641,1767867607.641061,288,DATA,-43,-10,-5,Mükemmel,4,
20260108_125943,2026-01-08T13:20:11.230,1767867611.230717,289,DATA,-41,-9,-5,Mükemmel,4,
20260108_125943,2026-01-08T13:20:14.711,1767867614.7118878,290,DATA,-43,-11,-6,Mükemmel,4,
20260108_125943,2026-01-08T13:20:17.655,1767867617.655319,291,DATA,-42,-11,-6,Mükemmel,4,
20260108_125943,2026-01-08T13:20:21.164,1767867621.164384,292,DATA,-41,-12,-6,Mükemmel,4,
20260108_125943,2026-01-08T13:20:24.749,1767867624.749541,293,DATA,-42,-10,-5,Mükemmel,4,
20260108_125943,2026-01-08T13:20:28.230,1767867628.230633,294,DATA,-42,-9,-5,Mükemmel,4,
20260108_125943,2026-01-08T13:20:31.712,1767867631.7122319,295,DATA,-40,-10,-5,Mükemmel,4,
20260108_125943,2026-01-08T13:20:35.195,1767867635.195458,296,DATA,-41,-10,-5,Mükemmel,4,
20260108_125943,2026-01-08T13:20:38.779,1767867638.779797,297,DATA,-41,-11,-6,Mükemmel,4,
20260108_125943,2026-01-08T13:20:41.685,1767867641.685538,298,DATA,-41,-10,-5,Mükemmel,4,
20260108_125943,2026-01-08T13:20:45.190,1767867645.190748,299,DATA,-43,-10,-5,Mükemmel,4,
20260108_125943,2026-01-08T13:20:48.692,1767867648.69275,300,DATA,-41,-11,-6,Mükemmel,4,
20260108_125943,2026-01-08T13:20:52.295,1767867652.295879,301,DATA,-41,-12,-6,Mükemmel,4,
20260108_125943,2026-01-08T13:20:55.780,1767867655.7803001,302,DATA,-41,-14,-7,Mükemmel,4,
20260108_125943,2026-01-08T13:20:59.260,1767867659.2608058,303,DATA,-42,-10,-5,Mükemmel,4,
20260108_125943,2026-01-08T13:21:02.740,1767867662.740574,304,DATA,-42,-10,-5,Mükemmel,4,
20260108_125943,2026-01-08T13:21:05.812,1767867665.812099,305,DATA,-41,-10,-5,Mükemmel,4,
20260108_125943,2026-01-08T13:21:09.295,1767867669.29523,306,DATA,-41,-12,-6,Mükemmel,4,
20260108_125943,2026-01-08T13:21:12.774,1767867672.774109,307,DATA,-42,-10,-5,Mükemmel,4,
20260108_125943,2026-01-08T13:21:16.226,1767867676.226809,308,DATA,-41,-11,-6,Mükemmel,4,
20260108_125943,2026-01-08T13:21:19.729,1767867679.729629,309,DATA,-41,-10,-5,Mükemmel,4,
20260108_125943,2026-01-08T13:21:23.323,1767867683.323796,310,DATA,-41,-11,-6,Mükemmel,4,
20260108_125943,2026-01-08T13:21:26.803,1767867686.803817,311,DATA,-42,-10,-5,Mükemmel,4,
20260108_125943,2026-01-08T13:21:29.772,1767867689.772518,312,DATA,-41,-10,-5,Mükemmel,4,
20260108_125943,2026-01-08T13:21:33.255,1767867693.255282,313,DATA,-41,-9,-5,Mükemmel,4,
20260108_125943,2026-01-08T13:21:36.839,1767867696.8396878,314,DATA,-41,-11,-6,Mükemmel,4,
20260108_125943,2026-01-08T13:21:40.322,1767867700.322217,315,DATA,-41,-10,-5,Mükemmel,4,
20260108_125943,2026-01-08T13:21:43.759,1767867703.7590241,316,DATA,-42,-10,-5,Mükemmel,4,
20260108_125943,2026-01-08T13:21:47.285,1767867707.285792,317,DATA,-42,-9,-5,Mükemmel,4,
20260108_125943,2026-01-08T13:21:50.869,1767867710.869351,318,DATA,-42,-11,-6,Mükemmel,4,
20260108_125943,2026-01-08T13:21:53.774,1767867713.774383,319,DATA,-41,-10,-5,Mükemmel,4,
20260108_125943,2026-01-08T13:21:57.322,1767867717.3224561,320,DATA,-44,-11,-6,Mükemmel,4,
20260108_125943,2026-01-08T13:22:00.802,1767867720.802476,321,DATA,-42,-12,-6,Mükemmel,4,
20260108_125943,2026-01-08T13:22:04.386,1767867724.386872,322,DATA,-43,-9,-5,Mükemmel,4,
20260108_125943,2026-01-08T13:22:07.871,1767867727.871382,323,DATA,-39,-10,-5,Mükemmel,4,
20260108_125943,2026-01-08T13:22:11.292,1767867731.2929862,324,DATA,-49,-10,-5,Mükemmel,4,
20260108_125943,2026-01-08T13:22:14.300,1767867734.300571,325,DATA,-42,-9,-5,Mükemmel,4,
20260108_125943,2026-01-08T13:22:17.804,1767867737.804532,326,DATA,-37,-10,-5,Mükemmel,4,
20260108_125943,2026-01-08T13:22:21.354,1767867741.354541,327,DATA,-42,-9,-5,Mükemmel,4,
20260108_125943,2026-01-08T13:22:24.867,1767867744.867095,328,DATA,-43,-11,-6,Mükemmel,4,
20260108_125943,2026-01-08T13:22:28.349,1767867748.349534,329,DATA,-38,-10,-5,Mükemmel,4,
20260108_125943,2026-01-08T13:22:31.830,1767867751.830963,330,DATA,-41,-10,-5,Mükemmel,4,
20260108_125943,2026-01-08T13:22:35.414,1767867755.414172,331,DATA,-44,-10,-5,Mükemmel,4,
20260108_125943,2026-01-08T13:22:38.389,1767867758.38949,332,DATA,-47,-11,-6,Mükemmel,4,
20260108_125943,2026-01-08T13:22:41.866,1767867761.866571,333,DATA,-45,-10,-5,Mükemmel,4,
20260108_125943,2026-01-08T13:22:45.350,1767867765.350724,334,DATA,-45,-10,-5,Mükemmel,4,
20260108_125943,2026-01-08T13:22:48.931,1767867768.9310741,335,DATA,-40,-10,-5,Mükemmel,4,
20260108_125943,2026-01-08T13:22:52.413,1767867772.4139168,336,DATA,-42,-10,-5,Mükemmel,4,
20260108_125943,2026-01-08T13:22:55.892,1767867775.892046,337,DATA,-47,-14,-7,Mükemmel,4,
20260108_125943,2026-01-08T13:22:59.377,1767867779.377012,338,DATA,-43,-10,-5,Mükemmel,4,
20260108_125943,2026-01-08T13:23:02.447,1767867782.44725,339,DATA,-46,-10,-5,Mükemmel,4,
20260108_125943,2026-01-08T13:23:05.931,1767867785.9316769,340,DATA,-45,-10,-5,Mükemmel,4,
20260108_125943,2026-01-08T13:23:09.413,1767867789.413814,341,DATA,-46,-10,-5,Mükemmel,4,
20260108_125943,2026-01-08T13:23:12.895,1767867792.8957598,342,DATA,-41,-10,-5,Mükemmel,4,
20260108_125943,2026-01-08T13:23:16.480,1767867796.480478,343,DATA,-53,-16,-8,İyi,3,
20260108_125943,2026-01-08T13:23:19.962,1767867799.962409,344,DATA,-47,-10,-5,Mükemmel,4,
20260108_125943,2026-01-08T13:23:23.441,1767867803.441463,345,DATA,-43,-11,-6,Mükemmel,4,
20260108_125943,2026-01-08T13:23:26.410,1767867806.4107,346,DATA,-50,-9,-5,Mükemmel,4,
20260108_125943,2026-01-08T13:23:29.993,1767867809.993678,347,DATA,-49,-10,-5,Mükemmel,4,
20260108_125943,2026-01-08T13:23:33.473,1767867813.473516,348,DATA,-50,-13,-7,Mükemmel,4,
20260108_125943,2026-01-08T13:23:36.958,1767867816.958512,349,DATA,-56,-13,-7,İyi,3,
20260108_125943,2026-01-08T13:23:40.439,1767867820.4390788,350,DATA,-50,-10,-5,Mükemmel,4,
20260108_125943,2026-01-08T13:23:43.923,1767867823.923319,351,DATA,-47,-12,-6,Mükemmel,4,
20260108_125943,2026-01-08T13:23:47.514,1767867827.5142379,352,DATA,-41,-10,-5,Mükemmel,4,
20260108_125943,2026-01-08T13:23:50.425,1767867830.425343,353,DATA,-45,-9,-5,Mükemmel,4,
20260108_125943,2026-01-08T13:23:53.957,1767867833.9575539,354,DATA,-44,-9,-5,Mükemmel,4,
20260108_125943,2026-01-08T13:23:57.438,1767867837.4384499,355,DATA,-42,-12,-6,Mükemmel,4,
20260108_125943,2026-01-08T13:24:01.024,1767867841.02445,356,DATA,-44,-14,-7,Mükemmel,4,
20260108_125943,2026-01-08T13:24:04.505,1767867844.505641,357,DATA,-48,-10,-5,Mükemmel,4,
20260108_125943,2026-01-08T13:24:07.991,1767867847.991392,358,DATA,-45,-9,-5,Mükemmel,4,
20260108_125943,2026-01-08T13:24:11.469,1767867851.4698749,359,DATA,-48,-10,-5,Mükemmel,4,
20260108_125943,2026-01-08T13:24:14.455,1767867854.455984,360,DATA,-48,-10,-5,Mükemmel,4,
20260108_125943,2026-01-08T13:24:18.021,1767867858.021867,361,DATA,-45,-23,-12,Mükemmel,4,
20260108_125943,2026-01-08T13:24:21.462,1767867861.462516,362,DATA,-49,-10,-5,Mükemmel,4,
20260108_125943,2026-01-08T13:24:24.982,1767867864.9829178,363,DATA,-40,-10,-5,Mükemmel,4,
20260108_125943,2026-01-08T13:24:28.567,1767867868.567028,364,DATA,-39,-9,-5,Mükemmel,4,
20260108_125943,2026-01-08T13:24:32.051,1767867872.051164,365,DATA,-44,-11,-6,Mükemmel,4,
20260108_125943,2026-01-08T13:24:35.533,1767867875.533262,366,DATA,-47,-10,-5,Mükemmel,4,
20260108_125943,2026-01-08T13:24:38.997,1767867878.997856,367,DATA,-52,-10,-5,İyi,3,
20260108_125943,2026-01-08T13:24:42.084,1767867882.084467,368,DATA,-49,-13,-7,Mükemmel,4,
20260108_125943,2026-01-08T13:24:45.573,1767867885.573142,369,DATA,-57,-10,-5,İyi,3,
20260108_125943,2026-01-08T13:24:49.048,1767867889.048828,370,DATA,-42,-10,-5,Mükemmel,4,
20260108_125943,2026-01-08T13:24:52.530,1767867892.530603,371,DATA,-46,-11,-6,Mükemmel,4,
20260108_125943,2026-01-08T13:24:56.014,1767867896.01414,372,DATA,-42,-11,-6,Mükemmel,4,
20260108_125943,2026-01-08T13:24:59.542,1767867899.542125,373,DATA,-43,-13,-7,Mükemmel,4,
20260108_125943,2026-01-08T13:25:03.079,1767867903.0792892,374,DATA,-52,-11,-6,İyi,3,
20260108_125943,2026-01-08T13:25:06.051,1767867906.051268,375,DATA,-54,-10,-5,İyi,3,
20260108_125943,2026-01-08T13:25:09.519,1767867909.519238,376,DATA,-50,-10,-5,Mükemmel,4,
20260108_125943,2026-01-08T13:25:13.115,1767867913.1156638,377,DATA,-51,-9,-5,İyi,3,
20260108_125943,2026-01-08T13:25:16.529,1767867916.529928,378,DATA,-48,-10,-5,Mükemmel,4,
20260108_125943,2026-01-08T13:25:20.077,1767867920.0778,379,DATA,-47,-12,-6,Mükemmel,4,
20260108_125943,2026-01-08T13:25:23.560,1767867923.560606,380,DATA,-46,-11,-6,Mükemmel,4,
20260108_125943,2026-01-08T13:25:27.143,1767867927.14355,381,DATA,-48,-10,-5,Mükemmel,4,
20260108_125943,2026-01-08T13:25:30.113,1767867930.113643,382,DATA,-44,-11,-6,Mükemmel,4,
20260108_125943,2026-01-08T13:25:33.595,1767867933.5957701,383,DATA,-44,-36,-18,Mükemmel,4,
20260108_125943,2026-01-08T13:25:37.077,1767867937.077823,384,DATA,-50,-11,-6,Mükemmel,4,
20260108_125943,2026-01-08T13:25:40.656,1767867940.656759,385,DATA,-50,-26,-13,Mükemmel,4,
20260108_125943,2026-01-08T13:25:44.062,1767867944.062966,386,DATA,-50,-17,-9,Mükemmel,4,
20260108_125943,2026-01-08T13:25:47.624,1767867947.6244218,387,DATA,-47,-9,-5,Mükemmel,4,
20260108_125943,2026-01-08T13:25:51.109,1767867951.109192,388,DATA,-40,-11,-6,Mükemmel,4,
20260108_125943,2026-01-08T13:25:54.577,1767867954.5770729,389,DATA,-50,-10,-5,Mükemmel,4,
20260108_125943,2026-01-08T13:25:57.660,1767867957.660809,390,DATA,-46,-13,-7,Mükemmel,4,
20260108_125943,2026-01-08T13:26:01.083,1767867961.083243,391,DATA,-53,-10,-5,İyi,3,
20260108_125943,2026-01-08T13:26:04.588,1767867964.588526,392,DATA,-45,-10,-5,Mükemmel,4,
20260108_125943,2026-01-08T13:26:08.103,1767867968.103355,393,DATA,-48,-10,-5,Mükemmel,4,
20260108_125943,2026-01-08T13:26:11.605,1767867971.605267,394,DATA,-48,-9,-5,Mükemmel,4,
20260108_125943,2026-01-08T13:26:15.162,1767867975.16255,395,DATA,-56,-10,-5,İyi,3,
20260108_125943,2026-01-08T13:26:18.652,1767867978.652032,396,DATA,-48,-10,-5,Mükemmel,4,
20260108_125943,2026-01-08T13:26:21.621,1767867981.621124,397,DATA,-47,-11,-6,Mükemmel,4,
20260108_125943,2026-01-08T13:26:25.205,1767867985.205736,398,DATA,-53,-10,-5,İyi,3,
20260108_125943,2026-01-08T13:26:28.686,1767867988.6864378,399,DATA,-41,-10,-5,Mükemmel,4,
20260108_125943,2026-01-08T13:26:32.169,1767867992.1697469,400,DATA,-49,-11,-6,Mükemmel,4,
20260108_125943,2026-01-08T13:26:35.651,1767867995.651807,401,DATA,-44,-10,-5,Mükemmel,4,
20260108_125943,2026-01-08T13:26:39.128,1767867999.128852,402,DATA,-42,-15,-8,Mükemmel,4,
20260108_125943,2026-01-08T13:26:42.627,1767868002.6276941,403,DATA,-41,-11,-6,Mükemmel,4,
20260108_125943,2026-01-08T13:26:45.635,1767868005.6351302,404,DATA,-44,-11,-6,Mükemmel,4,
20260108_125943,2026-01-08T13:26:49.168,1767868009.168418,405,DATA,-45,-9,-5,Mükemmel,4,
20260108_125943,2026-01-08T13:26:52.650,1767868012.650635,406,DATA,-44,-10,-5,Mükemmel,4,
20260108_125943,2026-01-08T13:26:56.149,1767868016.1494458,407,DATA,-45,-10,-5,Mükemmel,4,
20260108_125943,2026-01-08T13:26:59.718,1767868019.718036,408,DATA,-46,-12,-6,Mükemmel,4,
20260108_125943,2026-01-08T13:27:03.198,1767868023.1987572,409,DATA,-46,-18,-9,Mükemmel,4,
20260108_125943,2026-01-08T13:27:06.677,1767868026.677261,410,DATA,-43,-10,-5,Mükemmel,4,
20260108_125943,2026-01-08T13:27:10.225,1767868030.2258072,411,DATA,-42,-36,-18,Mükemmel,4,
20260108_125943,2026-01-08T13:27:13.233,1767868033.233981,412,DATA,-46,-9,-5,Mükemmel,4,
20260108_125943,2026-01-08T13:27:16.710,1767868036.710933,413,DATA,-45,-16,-8,Mükemmel,4,
20260108_125943,2026-01-08T13:27:20.198,1767868040.198573,414,DATA,-42,-11,-6,Mükemmel,4,
20260108_125943,2026-01-08T13:27:23.777,1767868043.777081,415,DATA,-49,-12,-6,Mükemmel,4,
20260108_125943,2026-01-08T13:27:27.260,1767868047.2601469,416,DATA,-41,-10,-5,Mükemmel,4,
20260108_125943,2026-01-08T13:27:30.743,1767868050.743136,417,DATA,-48,-13,-7,Mükemmel,4,
20260108_125943,2026-01-08T13:27:34.225,1767868054.2253408,418,DATA,-49,-11,-6,Mükemmel,4,
20260108_125943,2026-01-08T13:27:37.295,1767868057.2959921,419,DATA,-49,-20,-10,Mükemmel,4,
20260108_125943,2026-01-08T13:27:40.702,1767868060.7028081,420,DATA,-48,-12,-6,Mükemmel,4,
20260108_125943,2026-01-08T13:27:44.261,1767868064.261259,421,DATA,-39,-10,-5,Mükemmel,4,
20260108_125943,2026-01-08T13:27:47.710,1767868067.710492,422,DATA,-39,-19,-10,Mükemmel,4,
20260108_125943,2026-01-08T13:27:51.220,1767868071.220862,423,DATA,-54,-10,-5,İyi,3,
20260108_125943,2026-01-08T13:27:54.816,1767868074.816512,424,DATA,-48,-10,-5,Mükemmel,4,
20260108_125943,2026-01-08T13:27:58.287,1767868078.287631,425,DATA,-46,-20,-10,Mükemmel,4,
20260108_125943,2026-01-08T13:28:01.769,1767868081.769972,426,DATA,-47,-36,-18,Mükemmel,4,
20260108_125943,2026-01-08T13:28:04.841,1767868084.841443,427,DATA,-52,-20,-10,İyi,3,
20260108_125943,2026-01-08T13:28:08.327,1767868088.327829,428,DATA,-48,-10,-5,Mükemmel,4,
20260108_125943,2026-01-08T13:28:11.739,1767868091.739149,429,DATA,-51,-16,-8,İyi,3,
20260108_125943,2026-01-08T13:28:15.243,1767868095.2435682,430,DATA,-50,-11,-6,Mükemmel,4,
20260108_125943,2026-01-08T13:28:18.746,1767868098.746382,431,DATA,-57,-15,-8,İyi,3,
20260108_125943,2026-01-08T13:28:22.355,1767868102.355059,432,DATA,-53,-10,-5,İyi,3,
20260108_125943,2026-01-08T13:28:25.746,1767868105.746778,433,DATA,-57,-10,-5,İyi,3,
20260108_125943,2026-01-08T13:28:28.760,1767868108.7608142,434,DATA,-58,-10,-5,İyi,3,
20260108_125943,2026-01-08T13:28:32.288,1767868112.288358,435,DATA,-54,-10,-5,İyi,3,
20260108_125943,2026-01-08T13:28:35.870,1767868115.870343,436,DATA,-61,-9,-5,Orta,2,
20260108_125943,2026-01-08T13:28:39.267,1767868119.2678678,437,DATA,-51,-10,-5,İyi,3,
20260108_125943,2026-01-08T13:28:42.835,1767868122.835284,438,DATA,-53,-17,-9,İyi,3,
20260108_125943,2026-01-08T13:28:46.316,1767868126.316267,439,DATA,-51,-10,-5,İyi,3,
20260108_125943,2026-01-08T13:28:49.797,1767868129.797696,440,DATA,-44,-10,-5,Mükemmel,4,
20260108_125943,2026-01-08T13:28:52.792,1767868132.792623,441,DATA,-55,-11,-6,İyi,3,
20260108_125943,2026-01-08T13:28:56.354,1767868136.354555,442,DATA,-41,-13,-7,Mükemmel,4,
20260108_125943,2026-01-08T13:28:59.796,1767868139.7966888,443,DATA,-47,-33,-17,Mükemmel,4,
20260108_125943,2026-01-08T13:29:03.305,1767868143.305336,444,DATA,-48,-14,-7,Mükemmel,4,
20260108_125943,2026-01-08T13:29:06.900,1767868146.900297,445,DATA,-60,-11,-6,İyi,3,
20260108_125943,2026-01-08T13:29:10.312,1767868150.3125288,446,DATA,-50,-9,-5,Mükemmel,4,
20260108_125943,2026-01-08T13:29:13.818,1767868153.818538,447,DATA,-51,-10,-5,İyi,3,
20260108_125943,2026-01-08T13:29:17.345,1767868157.345311,448,DATA,-55,-11,-6,İyi,3,
20260108_125943,2026-01-08T13:29:20.414,1767868160.4150121,449,DATA,-42,-10,-5,Mükemmel,4,
20260108_125943,2026-01-08T13:29:23.828,1767868163.828562,450,DATA,-40,-12,-6,Mükemmel,4,
20260108_125943,2026-01-08T13:29:27.379,1767868167.3793862,451,DATA,-49,-15,-8,Mükemmel,4,
20260108_125943,2026-01-08T13:29:30.863,1767868170.863094,452,DATA,-49,-11,-6,Mükemmel,4,
20260108_125943,2026-01-08T13:29:34.456,1767868174.456106,453,DATA,-41,-10,-5,Mükemmel,4,
20260108_125943,2026-01-08T13:29:37.927,1767868177.927841,454,DATA,-47,-12,-6,Mükemmel,4,
20260108_125943,2026-01-08T13:29:41.410,1767868181.410103,455,DATA,-51,-10,-5,İyi,3,
20260108_125943,2026-01-08T13:29:44.380,1767868184.380064,456,DATA,-52,-12,-6,İyi,3,
20260108_125943,2026-01-08T13:29:47.962,1767868187.962442,457,DATA,-55,-13,-7,İyi,3,
20260108_125943,2026-01-08T13:29:51.363,1767868191.363872,458,DATA,-56,-10,-5,İyi,3,
20260108_125943,2026-01-08T13:29:54.927,1767868194.92717,459,DATA,-42,-10,-5,Mükemmel,4,
20260108_125943,2026-01-08T13:29:58.372,1767868198.372247,460,DATA,-48,-10,-5,Mükemmel,4,
20260108_125943,2026-01-08T13:30:01.890,1767868201.890835,461,DATA,-46,-12,-6,Mükemmel,4,
20260108_125943,2026-01-08T13:30:06.141,1767868206.141502,462,DATA,-47,-11,-6,Mükemmel,4,
20260108_125943,2026-01-08T13:30:06.162,1767868206.1624599,,CONNECTED,,,,,,
20260108_125943,2026-01-08T13:30:06.175,1767868206.176002,462,DATA,-47,-11,-6,Mükemmel,4,
20260108_125943,2026-01-08T13:30:08.683,1767868208.683765,463,DATA,-48,-10,-5,Mükemmel,4,
20260108_125943,2026-01-08T13:30:12.224,1767868212.2240498,464,DATA,-52,-9,-5,İyi,3,
20260108_125943,2026-01-08T13:30:15.713,1767868215.7135,465,DATA,-43,-14,-7,Mükemmel,4,
20260108_125943,2026-01-08T13:30:18.695,1767868218.6956549,466,DATA,-44,-15,-8,Mükemmel,4,
20260108_125943,2026-01-08T13:30:22.198,1767868222.198724,467,DATA,-43,-10,-5,Mükemmel,4,
20260108_125943,2026-01-08T13:30:25.749,1767868225.749795,468,DATA,-55,-11,-6,İyi,3,
20260108_125943,2026-01-08T13:30:29.232,1767868229.23263,469,DATA,-48,-15,-8,Mükemmel,4,
20260108_125943,2026-01-08T13:30:32.713,1767868232.713249,470,DATA,-51,-10,-5,İyi,3,
20260108_125943,2026-01-08T13:30:36.292,1767868236.292007,471,DATA,-48,-10,-5,Mükemmel,4,
20260108_125943,2026-01-08T13:30:39.717,1767868239.717463,472,DATA,-46,-10,-5,Mükemmel,4,
20260108_125943,2026-01-08T13:30:42.724,1767868242.724105,473,DATA,-49,-10,-5,Mükemmel,4,
20260108_125943,2026-01-08T13:30:46.228,1767868246.228854,474,DATA,-50,-12,-6,Mükemmel,4,
20260108_125943,2026-01-08T13:30:49.731,1767868249.731646,475,DATA,-45,-48,-24,Mükemmel,4,
20260108_125943,2026-01-08T13:30:53.295,1767868253.295546,476,DATA,-42,-11,-6,Mükemmel,4,
20260108_125943,2026-01-08T13:30:56.773,1767868256.773361,477,DATA,-43,-11,-6,Mükemmel,4,
20260108_125943,2026-01-08T13:31:00.261,1767868260.261387,478,DATA,-52,-10,-5,İyi,3,
20260108_125943,2026-01-08T13:31:03.747,1767868263.747632,479,DATA,-43,-10,-5,Mükemmel,4,
20260108_125943,2026-01-08T13:31:07.322,1767868267.322867,480,DATA,-44,-10,-5,Mükemmel,4,
20260108_125943,2026-01-08T13:31:10.293,1767868270.293289,481,DATA,-45,-10,-5,Mükemmel,4,
20260108_125943,2026-01-08T13:31:13.774,1767868273.774693,482,DATA,-44,-10,-5,Mükemmel,4,
20260108_125943,2026-01-08T13:31:17.364,1767868277.364514,483,DATA,-44,-11,-6,Mükemmel,4,
20260108_125943,2026-01-08T13:31:21.047,1767868281.0474648,484,DATA,-44,-10,-5,Mükemmel,4,
20260108_125943,2026-01-08T13:31:24.323,1767868284.323999,485,DATA,-46,-21,-11,Mükemmel,4,
20260108_125943,2026-01-08T13:31:27.804,1767868287.804522,486,DATA,-46,-13,-7,Mükemmel,4,
20260108_125943,2026-01-08T13:31:31.286,1767868291.2868118,487,DATA,-47,-10,-5,Mükemmel,4,
20260108_125943,2026-01-08T13:31:34.359,1767868294.359668,488,DATA,-45,-23,-12,Mükemmel,4,
20260108_125943,2026-01-08T13:31:37.842,1767868297.8421881,489,DATA,-46,-11,-6,Mükemmel,4,
20260108_125943,2026-01-08T13:31:41.314,1767868301.314796,490,DATA,-41,-10,-5,Mükemmel,4,
20260108_125943,2026-01-08T13:31:44.787,1767868304.787251,491,DATA,-47,-13,-7,Mükemmel,4,
20260108_125943,2026-01-08T13:31:48.379,1767868308.37934,492,DATA,-44,-13,-7,Mükemmel,4,
20260108_125943,2026-01-08T13:31:51.845,1767868311.845958,493,DATA,-41,-10,-5,Mükemmel,4,
20260108_125943,2026-01-08T13:31:55.309,1767868315.309508,494,DATA,-58,-11,-6,İyi,3,
20260108_125943,2026-01-08T13:31:58.324,1767868318.324778,495,DATA,-48,-11,-6,Mükemmel,4,
20260108_125943,2026-01-08T13:32:01.817,1767868321.8175611,496,DATA,-46,-10,-5,Mükemmel,4,
20260108_125943,2026-01-08T13:32:05.317,1767868325.3171048,497,DATA,-46,-14,-7,Mükemmel,4,
20260108_125943,2026-01-08T13:32:08.824,1767868328.8241699,498,DATA,-46,-10,-5,Mükemmel,4,
20260108_125943,2026-01-08T13:32:12.353,1767868332.353409,499,DATA,-41,-10,-5,Mükemmel,4,
20260108_125943,2026-01-08T13:32:15.936,1767868335.93647,500,DATA,-44,-13,-7,Mükemmel,4,
20260108_125943,2026-01-08T13:32:19.417,1767868339.417818,501,DATA,-48,-11,-6,Mükemmel,4,
20260108_125943,2026-01-08T13:32:22.385,1767868342.385843,502,DATA,-42,-11,-6,Mükemmel,4,
20260108_125943,2026-01-08T13:32:25.866,1767868345.866168,503,DATA,-45,-10,-5,Mükemmel,4,
20260108_125943,2026-01-08T13:32:29.451,1767868349.4517481,504,DATA,-44,-10,-5,Mükemmel,4,
20260108_125943,2026-01-08T13:32:32.935,1767868352.9350872,505,DATA,-43,-10,-5,Mükemmel,4,
20260108_125943,2026-01-08T13:32:36.359,1767868356.3598871,506,DATA,-43,-20,-10,Mükemmel,4,
20260108_125943,2026-01-08T13:32:39.901,1767868359.9010198,507,DATA,-41,-17,-9,Mükemmel,4,
20260108_125943,2026-01-08T13:32:43.379,1767868363.3796911,508,DATA,-44,-14,-7,Mükemmel,4,
20260108_125943,2026-01-08T13:32:46.964,1767868366.9641118,509,DATA,-52,-10,-5,İyi,3,
20260108_125943,2026-01-08T13:32:49.934,1767868369.934263,510,DATA,-44,-11,-6,Mükemmel,4,
20260108_125943,2026-01-08T13:32:53.420,1767868373.420991,511,DATA,-47,-14,-7,Mükemmel,4,
20260108_125943,2026-01-08T13:32:56.883,1767868376.883401,512,DATA,-44,-10,-5,Mükemmel,4,
20260108_125943,2026-01-08T13:33:00.481,1767868380.481136,513,DATA,-41,-12,-6,Mükemmel,4,
20260108_125943,2026-01-08T13:33:03.961,1767868383.961597,514,DATA,-50,-10,-5,Mükemmel,4,
20260108_125943,2026-01-08T13:33:07.441,1767868387.44165,515,DATA,-43,-10,-5,Mükemmel,4,
20260108_125943,2026-01-08T13:33:10.933,1767868390.933717,516,DATA,-45,-24,-12,Mükemmel,4,
20260108_125943,2026-01-08T13:33:13.903,1767868393.903519,517,DATA,-45,-11,-6,Mükemmel,4,
20260108_125943,2026-01-08T13:33:17.477,1767868397.47704,518,DATA,-42,-10,-5,Mükemmel,4,
20260108_125943,2026-01-08T13:33:20.935,1767868400.935642,519,DATA,-51,-10,-5,İyi,3,
20260108_125943,2026-01-08T13:33:24.442,1767868404.442932,520,DATA,-47,-10,-5,Mükemmel,4,
20260108_125943,2026-01-08T13:33:28.026,1767868408.026888,521,DATA,-44,-10,-5,Mükemmel,4,
20260108_125943,2026-01-08T13:33:31.506,1767868411.506975,522,DATA,-39,-10,-5,Mükemmel,4,
20260108_125943,2026-01-08T13:33:34.990,1767868414.9908218,523,DATA,-58,-42,-21,İyi,3,
20260108_125943,2026-01-08T13:33:38.434,1767868418.43403,524,DATA,-68,-75,-38,Orta,2,
20260108_125943,2026-01-08T13:33:41.953,1767868421.953475,525,DATA,-62,-48,-24,Orta,2,
20260108_125943,2026-01-08T13:33:45.024,1767868425.024533,526,DATA,-63,-10,-5,Orta,2,
20260108_125943,2026-01-08T13:33:48.509,1767868428.509838,527,DATA,-64,-59,-30,Orta,2,
20260108_125943,2026-01-08T13:33:51.990,1767868431.99041,528,DATA,-68,-17,-9,Orta,2,
20260108_125943,2026-01-08T13:33:55.453,1767868435.45336,529,DATA,-76,-17,-9,Zayıf,1,
20260108_125943,2026-01-08T13:33:59.963,1767868439.963687,,DISCONNECTED,,,,,,
20260108_125943,2026-01-08T13:34:22.945,1767868462.9452841,,CONNECTED,,,,,,22.981608390808105
20260108_125943,2026-01-08T13:34:22.960,1767868462.960546,531,DATA,-87,-51,-26,Çok Zayıf,0,
20260108_125943,2026-01-08T13:34:24.469,1767868464.469391,534,DATA,-67,-14,-7,Orta,2,
20260108_125943,2026-01-08T13:34:28.034,1767868468.034397,535,DATA,-65,-12,-6,Orta,2,
20260108_125943,2026-01-08T13:34:31.004,1767868471.004454,536,DATA,-63,-11,-6,Orta,2,
20260108_125943,2026-01-08T13:34:34.485,1767868474.485718,537,DATA,-65,-12,-6,Orta,2,
20260108_125943,2026-01-08T13:34:37.985,1767868477.98503,538,DATA,-53,-10,-5,İyi,3,
20260108_125943,2026-01-08T13:34:41.552,1767868481.552923,539,DATA,-43,-9,-5,Mükemmel,4,
20260108_125943,2026-01-08T13:34:44.993,1767868484.9936,540,DATA,-37,-10,-5,Mükemmel,4,
20260108_125943,2026-01-08T13:34:48.515,1767868488.515638,541,DATA,-39,-9,-5,Mükemmel,4,
20260108_125943,2026-01-08T13:34:52.099,1767868492.099971,542,DATA,-38,-9,-5,Mükemmel,4,
20260108_125943,2026-01-08T13:34:55.068,1767868495.068728,543,DATA,-39,-11,-6,Mükemmel,4,
20260108_125943,2026-01-08T13:34:58.558,1767868498.55832,544,DATA,-38,-10,-5,Mükemmel,4,
20260108_125943,2026-01-08T13:35:02.033,1767868502.033087,545,DATA,-39,-10,-5,Mükemmel,4,
20260108_125943,2026-01-08T13:35:05.593,1767868505.5933728,546,DATA,-38,-10,-5,Mükemmel,4,
20260108_125943,2026-01-08T13:35:09.099,1767868509.099437,547,DATA,-37,-10,-5,Mükemmel,4,
20260108_125943,2026-01-08T13:35:12.578,1767868512.578876,548,DATA,-39,-10,-5,Mükemmel,4,
20260108_125943,2026-01-08T13:35:16.060,1767868516.060199,549,DATA,-39,-11,-6,Mükemmel,4,
20260108_125943,2026-01-08T13:35:19.133,1767868519.133072,550,DATA,-37,-13,-7,Mükemmel,4,
20260108_125943,2026-01-08T13:35:22.614,1767868522.6149492,551,DATA,-39,-13,-7,Mükemmel,4,
20260108_125943,2026-01-08T13:35:26.097,1767868526.097915,552,DATA,-40,-10,-5,Mükemmel,4,
20260108_125943,2026-01-08T13:35:29.546,1767868529.546902,553,DATA,-37,-12,-6,Mükemmel,4,
20260108_125943,2026-01-08T13:35:33.060,1767868533.0603049,554,DATA,-38,-11,-6,Mükemmel,4,
20260108_125943,2026-01-08T13:35:36.595,1767868536.595764,555,DATA,-38,-10,-5,Mükemmel,4,
20260108_125943,2026-01-08T13:35:40.122,1767868540.1229079,556,DATA,-39,-10,-5,Mükemmel,4,
20260108_125943,2026-01-08T13:35:43.101,1767868543.1013172,557,DATA,-39,-10,-5,Mükemmel,4,
20260108_125943,2026-01-08T13:35:46.567,1767868546.5676732,558,DATA,-38,-10,-5,Mükemmel,4,
20260108_125943,2026-01-08T13:35:50.159,1767868550.159749,559,DATA,-37,-9,-5,Mükemmel,4,
20260108_125943,2026-01-08T13:35:53.575,1767868553.575536,560,DATA,-38,-13,-7,Mükemmel,4,
20260108_125943,2026-01-08T13:35:57.123,1767868557.123125,561,DATA,-40,-11,-6,Mükemmel,4,
20260108_125943,2026-01-08T13:36:00.588,1767868560.588383,562,DATA,-38,-10,-5,Mükemmel,4,
20260108_125943,2026-01-08T13:36:04.090,1767868564.090195,563,DATA,-38,-11,-6,Mükemmel,4,
20260108_125943,2026-01-08T13:36:07.161,1767868567.161824,564,DATA,-38,-9,-5,Mükemmel,4,
20260108_125943,2026-01-08T13:36:10.640,1767868570.640569,565,DATA,-38,-11,-6,Mükemmel,4,
20260108_125943,2026-01-08T13:36:14.120,1767868574.1207,566,DATA,-39,-15,-8,Mükemmel,4,
20260108_125943,2026-01-08T13:36:17.602,1767868577.602216,567,DATA,-37,-11,-6,Mükemmel,4,
20260108_125943,2026-01-08T13:36:21.188,1767868581.188129,568,DATA,-39,-12,-6,Mükemmel,4,
20260108_125943,2026-01-08T13:36:24.669,1767868584.669163,569,DATA,-41,-9,-5,Mükemmel,4,
20260108_125943,2026-01-08T13:36:28.151,1767868588.151666,570,DATA,-37,-10,-5,Mükemmel,4,
20260108_125943,2026-01-08T13:36:31.224,1767868591.224809,571,DATA,-38,-16,-8,Mükemmel,4,
20260108_125943,2026-01-08T13:36:34.624,1767868594.624506,572,DATA,-39,-10,-5,Mükemmel,4,
20260108_125943,2026-01-08T13:36:38.123,1767868598.123292,573,DATA,-38,-10,-5,Mükemmel,4,
20260108_125943,2026-01-08T13:36:41.669,1767868601.6691132,574,DATA,-38,-10,-5,Mükemmel,4,
20260108_125943,2026-01-08T13:36:45.149,1767868605.149984,575,DATA,-37,-10,-5,Mükemmel,4,
20260108_125943,2026-01-08T13:36:48.734,1767868608.734279,576,DATA,-39,-10,-5,Mükemmel,4,
20260108_125943,2026-01-08T13:36:52.145,1767868612.1452029,577,DATA,-47,-13,-7,Mükemmel,4,
20260108_125943,2026-01-08T13:36:55.185,1767868615.1858518,578,DATA,-41,-10,-5,Mükemmel,4,
20260108_125943,2026-01-08T13:36:58.666,1767868618.666153,579,DATA,-48,-10,-5,Mükemmel,4,
20260108_125943,2026-01-08T13:37:02.250,1767868622.250165,580,DATA,-54,-46,-23,İyi,3,
20260108_125943,2026-01-08T13:37:05.734,1767868625.734059,581,DATA,-66,-13,-7,Orta,2,
20260108_125943,2026-01-08T13:37:09.214,1767868629.214786,582,DATA,-58,-17,-9,İyi,3,
20260108_125943,2026-01-08T13:37:12.699,1767868632.699373,583,DATA,-61,-19,-10,Orta,2,
20260108_125943,2026-01-08T13:37:16.177,1767868636.1779358,584,DATA,-67,-10,-5,Orta,2,
20260108_125943,2026-01-08T13:37:19.762,1767868639.7627578,585,DATA,-64,-35,-18,Orta,2,
20260108_125943,2026-01-08T13:37:23.211,1767868643.211699,586,DATA,-67,-12,-6,Orta,2,
20260108_125943,2026-01-08T13:37:26.214,1767868646.214228,587,DATA,-61,-11,-6,Orta,2,
20260108_125943,2026-01-08T13:37:29.695,1767868649.6957068,588,DATA,-61,-10,-5,Orta,2,
20260108_125943,2026-01-08T13:37:33.278,1767868653.278662,589,DATA,-58,-50,-25,İyi,3,
20260108_125943,2026-01-08T13:37:36.697,1767868656.697131,590,DATA,-63,-17,-9,Orta,2,
20260108_125943,2026-01-08T13:37:40.248,1767868660.248323,591,DATA,-70,-15,-8,Orta,2,
20260108_125943,2026-01-08T13:37:43.701,1767868663.701698,592,DATA,-69,-13,-7,Orta,2,
20260108_125943,2026-01-08T13:37:47.308,1767868667.308269,593,DATA,-65,-18,-9,Orta,2,
20260108_125943,2026-01-08T13:37:50.786,1767868670.7868211,594,DATA,-78,-46,-23,Zayıf,1,
20260108_125943,2026-01-08T13:37:54.244,1767868674.244025,595,DATA,-76,-31,-16,Zayıf,1,
20260108_125943,2026-01-08T13:37:59.276,1767868679.276597,,DISCONNECTED,,,,,,
20260108_125943,2026-01-08T13:38:03.208,1767868683.2084448,,CONNECTED,,,,,,3.9318301677703857
20260108_125943,2026-01-08T13:38:03.225,1767868683.225235,596,DATA,-82,-5715,-2858,Çok Zayıf,0,
20260108_125943,2026-01-08T13:38:06.765,1767868686.765485,597,DATA,-76,-88,-44,Zayıf,1,
20260108_125943,2026-01-08T13:38:10.261,1767868690.2612538,598,DATA,-70,-61,-31,Orta,2,
20260108_125943,2026-01-08T13:38:13.831,1767868693.8316622,599,DATA,-69,-10,-5,Orta,2,
20260108_125943,2026-01-08T13:38:17.305,1767868697.305745,600,DATA,-61,-10,-5,Orta,2,
20260108_125943,2026-01-08T13:38:20.790,1767868700.790289,601,DATA,-73,-11,-6,Zayıf,1,
20260108_125943,2026-01-08T13:38:24.275,1767868704.275836,602,DATA,-84,-96,-48,Çok Zayıf,0,
20260108_125943,2026-01-08T13:38:29.292,1767868709.292788,,DISCONNECTED,,,,,,
20260108_125943,2026-01-08T13:38:33.275,1767868713.275019,,CONNECTED,,,,,,3.9822230339050293
20260108_125943,2026-01-08T13:38:33.291,1767868713.29107,603,DATA,-76,-2619,-1310,Zayıf,1,
20260108_125943,2026-01-08T13:38:38.291,1767868718.2913978,,DISCONNECTED,,,,,,
20260108_125943,2026-01-08T13:39:16.795,1767868756.7953541,,CONNECTED,,,,,,38.503928899765015
20260108_125943,2026-01-08T13:39:16.810,1767868756.81086,605,DATA,-87,-5581,-2791,Çok Zayıf,0,
20260108_125943,2026-01-08T13:39:21.300,1767868761.300715,,DISCONNECTED,,,,,,
20260108_125943,2026-01-08T13:39:22.324,1767868762.3249128,,CONNECTED,,,,,,1.0241739749908447
20260108_125943,2026-01-08T13:39:22.343,1767868762.34325,606,DATA,-89,-2193,-1097,Çok Zayıf,0,
20260108_125943,2026-01-08T13:39:25.821,1767868765.8212621,607,DATA,-75,-11,-6,Zayıf,1,
20260108_125943,2026-01-08T13:39:29.297,1767868769.2974038,608,DATA,-74,-16,-8,Zayıf,1,
20260108_125943,2026-01-08T13:39:32.885,1767868772.8856032,609,DATA,-82,-11,-6,Çok Zayıf,0,
20260108_125943,2026-01-08T13:39:36.366,1767868776.3668191,610,DATA,-70,-12,-6,Orta,2,
20260108_125943,2026-01-08T13:39:39.859,1767868779.859321,611,DATA,-65,-13,-7,Orta,2,
20260108_125943,2026-01-08T13:39:43.295,1767868783.295147,612,DATA,-54,-11,-6,İyi,3,
20260108_125943,2026-01-08T13:39:46.401,1767868786.4019892,613,DATA,-65,-10,-5,Orta,2,
20260108_125943,2026-01-08T13:39:49.881,1767868789.88191,614,DATA,-56,-13,-7,İyi,3,
20260108_125943,2026-01-08T13:39:53.368,1767868793.368515,615,DATA,-54,-9,-5,İyi,3,
20260108_125943,2026-01-08T13:39:56.847,1767868796.847937,616,DATA,-37,-10,-5,Mükemmel,4,
20260108_125943,2026-01-08T13:40:00.330,1767868800.330208,617,DATA,-41,-11,-6,Mükemmel,4,
20260108_125943,2026-01-08T13:40:03.915,1767868803.9154382,618,DATA,-44,-10,-5,Mükemmel,4,
20260108_125943,2026-01-08T13:40:07.396,1767868807.3964171,619,DATA,-44,-11,-6,Mükemmel,4,
20260108_125943,2026-01-08T13:40:10.363,1767868810.363328,620,DATA,-46,-9,-5,Mükemmel,4,
20260108_125943,2026-01-08T13:40:13.845,1767868813.845943,621,DATA,-44,-10,-5,Mükemmel,4,
20260108_125943,2026-01-08T13:40:17.335,1767868817.335679,622,DATA,-42,-11,-6,Mükemmel,4,
20260108_125943,2026-01-08T13:40:20.924,1767868820.92482,623,DATA,-43,-10,-5,Mükemmel,4,
20260108_125943,2026-01-08T13:40:24.346,1767868824.346431,624,DATA,-42,-10,-5,Mükemmel,4,
20260108_125943,2026-01-08T13:40:27.873,1767868827.873276,625,DATA,-39,-10,-5,Mükemmel,4,
20260108_125943,2026-01-08T13:40:31.360,1767868831.360233,626,DATA,-40,-11,-6,Mükemmel,4,
20260108_125943,2026-01-08T13:40:34.357,1767868834.357923,627,DATA,-39,-10,-5,Mükemmel,4,
20260108_125943,2026-01-08T13:40:37.859,1767868837.859531,628,DATA,-40,-12,-6,Mükemmel,4,
20260108_125943,2026-01-08T13:40:41.391,1767868841.391917,629,DATA,-42,-12,-6,Mükemmel,4,
20260108_125943,2026-01-08T13:40:44.874,1767868844.8746822,630,DATA,-40,-12,-6,Mükemmel,4,
20260108_125943,2026-01-08T13:40:48.459,1767868848.459916,631,DATA,-40,-10,-5,Mükemmel,4,
20260108_125943,2026-01-08T13:40:51.940,1767868851.9401631,632,DATA,-41,-16,-8,Mükemmel,4,
20260108_125943,2026-01-08T13:40:55.422,1767868855.422092,633,DATA,-41,-11,-6,Mükemmel,4,
20260108_125943,2026-01-08T13:40:58.390,1767868858.3900192,634,DATA,-39,-10,-5,Mükemmel,4,
20260108_125943,2026-01-08T13:41:01.968,1767868861.968565,635,DATA,-38,-12,-6,Mükemmel,4,
20260108_125943,2026-01-08T13:41:05.392,1767868865.392618,636,DATA,-39,-13,-7,Mükemmel,4,
20260108_125943,2026-01-08T13:41:08.938,1767868868.938494,637,DATA,-38,-10,-5,Mükemmel,4,
20260108_125943,2026-01-08T13:41:12.420,1767868872.420908,638,DATA,-37,-10,-5,Mükemmel,4,
20260108_125943,2026-01-08T13:41:16.005,1767868876.00562,639,DATA,-38,-12,-6,Mükemmel,4,
20260108_125943,2026-01-08T13:41:19.416,1767868879.416716,640,DATA,-39,-12,-6,Mükemmel,4,
20260108_125943,2026-01-08T13:41:22.456,1767868882.4567418,641,DATA,-39,-10,-5,Mükemmel,4,
20260108_125943,2026-01-08T13:41:25.939,1767868885.9395561,642,DATA,-40,-12,-6,Mükemmel,4,
20260108_125943,2026-01-08T13:41:29.518,1767868889.518861,643,DATA,-38,-15,-8,Mükemmel,4,
20260108_125943,2026-01-08T13:41:33.003,1767868893.003346,644,DATA,-39,-14,-7,Mükemmel,4,
20260108_125943,2026-01-08T13:41:36.486,1767868896.4861178,645,DATA,-41,-11,-6,Mükemmel,4,
20260108_125943,2026-01-08T13:41:39.969,1767868899.9692721,646,DATA,-37,-10,-5,Mükemmel,4,
20260108_125943,2026-01-08T13:41:43.448,1767868903.448062,647,DATA,-44,-10,-5,Mükemmel,4,
20260108_125943,2026-01-08T13:41:46.518,1767868906.518027,648,DATA,-38,-9,-5,Mükemmel,4,
20260108_125943,2026-01-08T13:41:50.001,1767868910.001419,649,DATA,-41,-10,-5,Mükemmel,4,
20260108_125943,2026-01-08T13:41:53.480,1767868913.480893,650,DATA,-38,-10,-5,Mükemmel,4,
20260108_125943,2026-01-08T13:41:56.967,1767868916.967136,651,DATA,-39,-9,-5,Mükemmel,4,
20260108_125943,2026-01-08T13:42:00.549,1767868920.549515,652,DATA,-41,-10,-5,Mükemmel,4,
20260108_125943,2026-01-08T13:42:04.032,1767868924.032379,653,DATA,-38,-9,-5,Mükemmel,4,
20260108_125943,2026-01-08T13:42:07.511,1767868927.511307,654,DATA,-39,-10,-5,Mükemmel,4,
20260108_125943,2026-01-08T13:42:10.484,1767868930.4844081,655,DATA,-40,-10,-5,Mükemmel,4,
20260108_125943,2026-01-08T13:42:14.067,1767868934.067195,656,DATA,-39,-11,-6,Mükemmel,4,
20260108_125943,2026-01-08T13:42:17.480,1767868937.4805892,657,DATA,-40,-10,-5,Mükemmel,4,
20260108_125943,2026-01-08T13:42:21.030,1767868941.03053,658,DATA,-38,-10,-5,Mükemmel,4,
20260108_125943,2026-01-08T13:42:24.512,1767868944.512108,659,DATA,-38,-10,-5,Mükemmel,4,
20260108_125943,2026-01-08T13:42:28.097,1767868948.097945,660,DATA,-39,-10,-5,Mükemmel,4,
20260108_125943,2026-01-08T13:42:31.569,1767868951.569557,661,DATA,-39,-10,-5,Mükemmel,4,
20260108_125943,2026-01-08T13:42:34.547,1767868954.5470972,662,DATA,-39,-10,-5,Mükemmel,4,
20260108_125943,2026-01-08T13:42:38.004,1767868958.0042949,663,DATA,-38,-10,-5,Mükemmel,4,
